{"top3_uni": [" ", "e", "t"], "top3_bi": {"=": [" ", "\n", "a"], " ": ["t", "a", "o"], "V": ["i", "a", "e"], "a": ["n", "t", "r"], "l": [" ", "e", "a"], "k": [">", " ", "e"], "y": [" ", "e", "s"], "r": ["e", " ", "i"], "i": ["n", "t", "s"], "C": ["o", "a", "h"], "h": ["e", " ", "a"], "o": ["n", "r", " "], "n": [" ", "d", "g"], "c": ["o", "e", "h"], "e": [" ", "r", "d"], "s": [" ", "t", "e"], "I": ["n", " ", "t"], "\n": ["=", "T", "A"], "S": ["t", "o", "e"], "j": ["o", "e", "u"], "ō": ["s", " ", "n"], "3": [" ", "0", "1"], ":": [" ", "\n", "a"], "<": ["u", " ", "f"], "u": ["n", "r", "s"], ">": [" ", "\n", "a"], "(": [" ", "e", "a"], "J": ["a", "o", "u"], "p": ["e", "r", "o"], "戦": ["場", "e", "a"], "場": ["の", "e", "a"], "の": ["ヴ", "e", "a"], "ヴ": ["ァ", "e", "a"], "ァ": ["ル", "e", "a"], "ル": ["キ", "e", "a"], "キ": ["ュ", "e", "a"], "ュ": ["リ", "e", "a"], "リ": ["ア", "e", "a"], "ア": ["3", "e", "a"], ",": [" ", "@", "\n"], "t": ["h", " ", "e"], ".": [" ", "\n", "@"], "f": [" ", "o", "i"], "B": ["r", "a", "e"], "d": [" ", "e", "i"], ")": [" ", "\n", "a"], "m": ["e", " ", "a"], "@": [" ", "-", "."], "-": ["@", " ", "-"], "g": [" ", "e", "h"], "v": ["e", "i", "a"], "b": ["e", "y", "u"], "M": ["a", "o", "i"], "P": ["a", "r", "o"], "R": ["o", "e", "i"], "2": ["0", " ", "5"], "0": [" ", "0", "1"], "1": ["9", " ", "8"], "w": ["a", "i", "e"], "\"": [" ", "\n", "a"], "N": ["o", "e", "a"], "G": ["e", "r", "a"], "E": ["n", "a", "u"], "W": ["a", "i", "h"], "T": ["h", "o", "e"], "H": ["e", "o", "a"], "O": ["n", "l", "c"], "z": ["e", " ", "a"], "A": [" ", "l", "n"], "'": ["s", " ", "t"], "x": ["p", " ", "t"], "D": ["e", "a", "u"], "4": [" ", "0", "5"], "q": ["u", " ", "i"], "U": ["n", "S", "."], "K": ["i", "a", "e"], "F": ["o", "r", "e"], ";": [" ", "\n", "a"], "L": ["a", "i", "o"], "Y": ["o", "e", "a"], "7": [" ", "0", "5"], "5": [" ", "0", "1"], "X": [" ", "e", "I"], "Z": ["e", "h", "a"], "9": [" ", "9", "8"], "8": [" ", "0", "9"], "Æ": ["l", "s", "t"], "$": [" ", "e", "a"], "6": [" ", "0", "4"], "[": [" ", "e", "a"], "]": [" ", "\n", "a"], "/": [" ", "\n", "a"], "&": [" ", "e", "a"], "²": [" ", "e", "a"], "–": [" ", "e", "a"], "’": [" ", "s", "\n"], "Q": ["u", "e", "i"], "£": [" ", "e", "a"], "—": [" ", "\n", "a"], "₤": [" ", "e", "a"], "~": [" ", "e", "a"], "%": [" ", "\n", "a"], "+": [" ", "\n", "a"], "†": [" ", "e", "a"], "°": [" ", "e", "a"], "!": [" ", "\n", "a"], "₹": [" ", "e", "a"], "#": [" ", "e", "a"], "“": [" ", "e", "a"], "”": [" ", "\n", "a"], "á": ["n", "r", " "], "ṯ": ["r", "e", "a"], "‘": [" ", "e", "a"], "í": ["a", "v", "n"], "ä": ["i", "n", "s"], "µ": ["m", "g", "a"], "β": [" ", "e", "a"], "ó": ["n", "w", "r"], "é": [" ", "t", "u"], "ñ": ["o", "a", "ā"], "?": [" ", "\n", "a"], "š": ["e", "k", " "], "ö": ["n", "t", "r"], "č": ["n", "i", "a"], "ć": [" ", "a", "i"], "đ": ["m", "e", "a"], "ô": ["n", " ", "m"], "ü": ["t", "r", "n"], "ł": ["a", "o", " "], "Ż": ["e", "e", "a"], "ń": ["s", "e", "a"], "Ö": ["s", "e", "a"], "…": [" ", "\n", "a"], "่": [" ", "e", "a"], "ง": [" ", "e", "a"], "ก": ["ั", "e", "a"], "ั": ["ล", "e", "a"], "ล": ["ย", "e", "a"], "ย": ["า", "e", "a"], "า": ["ณ", "e", "a"], "ณ": ["ม", "e", "a"], "ม": ["ิ", "e", "a"], "ิ": ["ต", "e", "a"], "ต": ["ร", "e", "a"], "ร": [" ", "e", "a"], "์": [" ", "e", "a"], "^": [" ", "e", "a"], "*": [" ", "e", "a"], "−": [" ", "\n", "a"], "→": [" ", "e", "a"], "μ": ["m", "e", "a"], "⁄": [" ", "e", "a"], "×": [" ", "e", "a"], "Ü": ["r", "e", "a"], "ç": ["a", "o", "a"], "É": ["t", "d", "c"], "ş": [" ", "e", "a"], "♭": [" ", "e", "a"], "♯": [" ", "e", "a"], "‑": [" ", "e", "a"], "è": ["r", "t", "m"], "î": ["t", "m", "a"], "ح": ["ص", "e", "a"], "ص": ["ن", "e", "a"], "ن": [" ", "e", "a"], "ā": ["d", "n", "h"], "ë": [" ", "l", "a"], "ê": ["s", "t", " "], "€": [" ", "e", "a"], "½": [" ", "e", "a"], "à": [" ", "e", "a"], "â": ["v", "e", "a"], "′": [" ", "e", "a"], "α": [" ", "e", "a"], "„": [" ", "e", "a"], "Î": ["l", "e", "a"], "§": [" ", "e", "a"], "ス": ["ト", "e", "a"], "ト": ["ッ", "e", "a"], "ッ": ["プ", "e", "a"], "プ": [" ", "e", "a"], "Ō": ["z", "e", "a"], "ū": [" ", "j", "s"], "大": ["空", "e", "a"], "空": [" ", "e", "a"], "・": [" ", "e", "a"], "̃": [" ", "e", "a"], "ú": ["t", "l", " "], "Ú": ["l", "e", "a"], "″": [" ", "e", "a"], "³": [" ", "e", "a"], "ã": [" ", "o", "a"], "ʿ": [" ", "e", "a"], "ø": [" ", "n", "r"], "Å": ["l", "e", "a"], "ʻ": ["i", "o", "a"], "±": [" ", "e", "a"], "Í": ["m", "e", "a"], "Þ": ["ó", "e", "a"], "ś": ["n", "e", "a"], "Ł": ["a", "e", "a"], "¥": [" ", "e", "a"], "\\": [" ", "e", "a"], "¡": [" ", "e", "a"], "्": [" ", "e", "a"], "Ø": [" ", "s", "a"], "`": ["A", "e", "a"], "Á": ["l", "e", "a"], "⅔": [" ", "e", "a"], "å": ["l", "s", "a"], "ì": ["n", "e", "a"], "ư": ["ơ", "ớ", "a"], "ớ": ["c", "e", "a"], "ị": ["a", "e", "a"], "Đ": ["ì", "e", "a"], "ệ": ["m", "u", "a"], "ơ": ["n", "e", "a"], "ă": ["n", "e", "a"], "ễ": ["n", "e", "a"], "ầ": ["n", "e", "a"], "ấ": ["n", "e", "a"], "ả": ["n", "e", "a"], "ž": ["i", "a", "a"], "⅓": [" ", "e", "a"], "ắ": ["c", "e", "a"], "ử": ["u", "e", "a"], "ỳ": [" ", "e", "a"], "û": ["l", "e", "a"], "≤": [" ", "e", "a"], "|": [" ", "e", "a"], "攻": ["殻", "e", "a"], "殻": ["機", "e", "a"], "機": ["動", "e", "a"], "動": ["隊", "e", "a"], "隊": [" ", "e", "a"], "ė": [" ", "e", "a"], "ų": [" ", "e", "a"], "ا": ["ل", "e", "a"], "ل": ["ل", "ه", "a"], "ه": [" ", "e", "a"], "～": [" ", "e", "a"], "火": ["礮", "e", "a"], "礮": [" ", "e", "a"], "κ": ["B", "e", "a"], "·": [" ", "e", "a"], "〈": [" ", "e", "a"], "〉": [" ", "\n", "a"], "ò": [" ", "e", "a"], "С": ["о", "e", "a"], "о": ["в", "e", "a"], "в": ["е", "e", "a"], "е": ["т", "e", "a"], "т": ["с", "e", "a"], "с": ["к", "e", "a"], "к": ["а", "e", "a"], "а": ["я", "e", "a"], "я": [" ", "e", "a"], "ī": ["r", " ", "a"], "ṃ": ["s", "e", "a"], "ṅ": ["g", "e", "a"], "ḥ": [" ", "e", "a"], "ṣ": ["e", "e", "a"], "Ā": ["c", "e", "a"], "ṭ": ["ṭ", "h", "a"], "ჯ": [" ", "e", "a"], "ი": [" ", "e", "a"], "დ": [" ", "e", "a"], "ო": [" ", "e", "a"], "უ": [" ", "e", "a"], "ხ": [" ", "e", "a"], "ზ": [" ", "e", "a"], "რ": [" ", "e", "a"], "ს": [" ", "e", "a"], "ძ": [" ", "e", "a"], "წ": [" ", "e", "a"], "გ": [" ", "e", "a"], "ვ": [" ", "e", "a"], "კ": [" ", "e", "a"], "ც": [" ", "\n", "a"], "჻": [" ", "e", "a"], "﻿": [" ", "e", "a"], "☉": [" ", "e", "a"], "γ": [" ", "e", "a"]}, "top3_tri": {"= ": ["=", "C", "<"], " V": ["i", "a", "e"], "Va": ["l", "r", "n"], "al": [" ", "l", "s"], "lk": [" ", "a", "i"], "ky": [" ", "e", "r"], "yr": ["i", "a", "e"], "ri": ["n", "t", "e"], "ia": ["n", "l", " "], "a ": ["s", "c", "p"], " C": ["o", "a", "h"], "Ch": ["a", "r", "i"], "hr": ["o", "e", "i"], "ro": ["m", "u", "p"], "on": [" ", "s", "e"], "ni": ["n", "t", "s"], "ic": ["a", " ", "h"], "cl": ["u", "a", "e"], "le": [" ", "s", "a"], "es": [" ", "t", "s"], "s ": ["a", "t", "o"], " I": ["n", "t", " "], "II": [" ", "I", "F"], "I ": ["w", ",", "'"], " =": [" ", "\n", "a"], "=\n": ["T", "=", "A"], "\nS": ["t", "i", "o"], "Se": ["p", "r", "c"], "en": ["t", " ", "d"], "nj": ["u", "o", "e"], "jō": [" ", "e", "a"], "ō ": ["n", "\"", "."], " n": ["o", "e", "a"], "no": ["t", "w", "r"], "o ": ["t", "a", "s"], " 3": [" ", "0", "1"], "3 ": [",", "@", "."], " :": [" ", "\n", "a"], ": ": ["\"", "<", "T"], " <": ["u", " ", "a"], "<u": ["n", "e", "a"], "un": ["k", "d", "t"], "nk": [">", " ", "e"], "k>": [" ", "\n", "a"], "> ": [",", "a", "."], " (": [" ", "e", "a"], "( ": ["1", "<", "2"], " J": ["a", "u", "o"], "Ja": ["n", "m", "c"], "ap": ["p", "e", "t"], "pa": ["r", "n", "i"], "an": ["d", " ", "t"], "ne": [" ", "d", "s"], "se": [" ", "d", "r"], "e ": ["t", "s", "a"], " 戦": ["場", "e", "a"], "戦場": ["の", "e", "a"], "場の": ["ヴ", "e", "a"], "のヴ": ["ァ", "e", "a"], "ヴァ": ["ル", "e", "a"], "ァル": ["キ", "e", "a"], "ルキ": ["ュ", "e", "a"], "キュ": ["リ", "e", "a"], "ュリ": ["ア", "e", "a"], "リア": ["3", "e", "a"], "ア3": [" ", "e", "a"], " ,": [" ", "\n", "a"], ", ": ["a", "t", "w"], " l": ["a", "i", "e"], "li": ["n", "s", "t"], "it": ["h", "i", " "], "t ": ["t", "o", "a"], " .": [" ", "\n", "."], ". ": ["T", "I", "A"], " o": ["f", "n", "r"], "of": [" ", "f", "t"], "f ": ["t", "a", "h"], " t": ["h", "o", "r"], "th": ["e", " ", "a"], "he": [" ", "r", "n"], " B": ["r", "a", "e"], "Ba": ["t", "r", "n"], "at": [" ", "e", "i"], "tt": ["e", "a", "l"], "tl": ["e", "y", "a"], "ef": ["e", "o", "f"], "fi": ["r", "c", "n"], "ie": ["s", "d", "n"], "el": ["e", "l", " "], "ld": [" ", "i", "e"], "d ": ["t", "a", "i"], " )": [" ", "\n", "a"], ") ": [",", ".", "a"], " c": ["o", "a", "h"], "co": ["n", "m", "r"], "om": [" ", "e", "p"], "mm": ["e", "a", "o"], "mo": ["n", "r", "s"], "nl": ["y", "i", "a"], "ly": [" ", "m", "s"], "y ": ["t", "a", ","], " r": ["e", "a", "o"], "re": [" ", "s", "a"], "fe": ["r", "a", " "], "er": [" ", "e", "s"], "rr": ["i", "e", "o"], "ed": [" ", "i", "e"], "to": [" ", "r", "n"], " a": ["n", " ", "s"], "as": [" ", "t", "s"], "ou": ["n", "t", "r"], "ut": [" ", "h", "e"], "ts": [" ", "i", "e"], "si": ["o", "n", "t"], "id": ["e", " ", "a"], "de": ["r", " ", "d"], "n ": ["t", "a", "o"], " i": ["n", "s", "t"], "is": [" ", "t", "h"], "ta": ["t", "r", "l"], "ac": ["t", "k", "h"], "ct": ["i", "e", " "], "ti": ["o", "n", "c"], "ca": ["l", "n", "t"], "l ": ["a", "t", "o"], "ol": ["l", "d", "o"], " @": ["-", ".", ","], "@-": ["@", "e", "a"], "-@": [" ", "e", "a"], "@ ": ["0", "<", "s"], " p": ["r", "o", "a"], "pl": ["a", "e", "o"], "la": ["n", "t", "r"], "ay": [" ", "e", "s"], "yi": ["n", " ", "e"], "in": ["g", " ", "e"], "ng": [" ", "e", "s"], "g ": ["t", "a", "o"], " v": ["i", "e", "a"], "vi": ["n", "s", "d"], "eo": ["p", " ", "r"], " g": ["r", "a", "o"], "ga": ["m", "n", "i"], "am": ["e", " ", "p"], "me": [" ", "n", "r"], " d": ["e", "i", "o"], "ev": ["e", "i", "a"], "ve": ["r", " ", "n"], "lo": ["w", "n", "s"], "op": ["e", " ", "i"], "pe": ["r", "c", "a"], " b": ["e", "y", "u"], "by": [" ", "t", "r"], " S": ["t", "o", "e"], "eg": ["a", "i", "e"], "nd": [" ", "e", "i"], " M": ["a", "o", "i"], "Me": ["x", "d", "t"], "di": ["n", "s", "t"], "a.": ["m", "V", "a"], ".V": [".", "i", "a"], "Vi": ["e", "c", "l"], "io": ["n", "u", " "], " f": ["o", "i", "r"], "fo": ["r", "u", "l"], "or": [" ", "t", "e"], "r ": ["t", "a", ","], " P": ["a", "r", "o"], "Pl": ["a", "u", "o"], "yS": ["t", "e", "a"], "St": ["a", "e", "o"], "Po": ["r", "l", "p"], "rt": [" ", "h", "i"], "ab": ["l", "o", "i"], "bl": ["e", "i", "y"], " R": ["o", "e", "i"], "Re": ["c", "g", "p"], "ea": ["r", "s", "t"], "nu": ["m", "e", "a"], "ua": ["l", "r", "t"], "ar": ["e", " ", "t"], "ry": [" ", "l", "i"], " 2": ["0", " ", "5"], "20": ["0", "1", " "], "01": ["0", "1", "2"], "11": [" ", "0", "2"], "1 ": ["@", ",", "."], "hi": ["s", "c", "n"], "ir": [" ", "e", "s"], "rd": [" ", "e", "s"], " s": ["e", "t", "o"], "sa": ["i", "m", "l"], "fu": ["l", "n", "r"], "us": ["e", " ", "t"], "im": ["e", " ", "a"], "ep": ["t", "i", "a"], "pr": ["o", "e", "i"], "ec": ["t", "o", "e"], "ce": [" ", "s", "n"], "ss": [" ", "i", "e"], "so": ["n", " ", "u"], "rs": [" ", "t", "e"], "st": [" ", "a", "r"], "ru": ["c", "n", "s"], "ns": [" ", "t", "i"], "ra": ["t", "n", "l"], "ll": [" ", "e", "y"], "ow": ["n", " ", "e"], "ws": [" ", "p", "o"], " \"": [" ", "\n", "a"], "\" ": [".", ",", "a"], " N": ["o", "e", "a"], "Na": ["t", "v", "z"], "na": ["l", "t", "m"], " m": ["a", "o", "e"], "mi": ["n", "l", "s"], "il": ["l", "e", " "], " u": ["n", "s", "p"], "rv": ["i", "e", "a"], " G": ["e", "r", "a"], "Ga": ["m", "l", "r"], "du": ["c", "r", "e"], "ur": ["e", "i", " "], " E": ["n", "a", "u"], "Eu": ["r", " ", "g"], " W": ["a", "i", "h"], "Wa": ["r", "l", "t"], " w": ["a", "i", "h"], "wh": ["i", "e", "o"], "ho": ["u", " ", "r"], "rf": ["o", "a", "e"], "rm": ["a", " ", "e"], "m ": ["t", "a", ","], "cr": ["e", "i", "o"], "et": [" ", "e", "w"], "ck": [" ", "e", "s"], "k ": ["o", ",", "a"], "pi": ["c", "t", "s"], "te": ["r", "d", " "], "ag": ["e", "a", "u"], "ai": ["n", "r", "l"], "Im": ["p", "a", "m"], "mp": ["l", "a", "o"], "Ra": ["c", "n", "i"], "av": ["e", "i", "a"], ".\n": ["=", "T", "I"], "\nT": ["h", "o", "r"], "Th": ["e", "i", "o"], "be": ["r", " ", "e"], "pm": ["e", " ", "a"], "nt": [" ", "e", "i"], "10": [" ", "0", "t"], "0 ": ["@", ",", "m"], "ov": ["e", "i", "a"], "rg": ["e", "a", "i"], "ge": [" ", "n", "s"], "po": ["r", "s", "n"], "wo": ["r", " ", "u"], "rk": [" ", "e", "s"], "do": ["n", "w", "m"], "Wh": ["e", "i", "a"], "da": ["y", "t", " "], "tu": ["r", "d", "a"], "ls": [" ", "o", "e"], "rw": ["a", "i", "e"], "we": ["r", "e", "l"], "mu": ["s", "n", "c"], "ul": ["d", "a", "t"], "lt": [" ", "h", "i"], "ip": [" ", "s", "a"], "ad": [" ", "e", "i"], "dj": ["a", "u", "o"], "ju": ["s", "r", "n"], "tm": ["e", "a", "o"], "su": ["c", "r", "p"], "uc": ["t", "h", "e"], "ch": [" ", "a", "e"], "h ": ["t", "a", "o"], "ma": ["n", "t", "l"], "ak": ["e", "i", " "], "ki": ["n", "l", " "], "ew": [" ", "s", "e"], "wc": ["a", "o", "a"], "ha": ["t", "d", "n"], "ig": ["h", "n", "i"], "gn": [" ", "e", "i"], " H": ["e", "o", "a"], "Ho": ["w", "u", "r"], "jo": ["r", "i", "u"], "u ": ["a", "@", "'"], "os": ["t", "e", "s"], "Hi": ["s", "g", "l"], "sh": ["e", " ", "i"], "i ": [",", "@", "a"], "Sa": ["n", "r", "i"], "ot": ["h", " ", "e"], "bo": ["u", "t", "r"], "rn": [" ", "e", "a"], "fr": ["o", "i", "e"], " e": ["x", "n", "a"], "tr": ["a", "o", "i"], "wi": ["t", "n", "l"], " T": ["h", "o", "e"], "Ta": ["y", "l", "n"], "ke": [" ", "d", "r"], " O": ["n", "l", "c"], "Oz": ["p", "z", "a"], "za": ["t", "r", " "], "aw": ["a", " ", "n"], "wa": ["s", "r", "y"], " A": ["l", "n", "r"], "A ": ["s", "t", "p"], "wr": ["i", "o", "e"], " h": ["a", "i", "e"], "dl": ["e", "y", "i"], "sc": ["r", "o", "h"], "pt": ["e", "i", " "], " '": ["s", " ", "t"], "'s": [" ", "\n", "a"], "em": ["e", "b", " "], "Ma": ["r", "n", "y"], "'n": ["a", "'", " "], "\nI": ["n", "t", " "], "It": [" ", "a", "s"], "iv": ["e", "i", "a"], "cs": [" ", "s", "a"], "Af": ["t", "r", "f"], "ft": ["e", " ", "h"], "ei": ["r", "n", "g"], "wn": [" ", "s", "e"], "oa": ["d", "l", "t"], "ex": ["p", "t", "a"], "xp": ["e", "l", "r"], "No": ["r", "v", "."], "mb": ["e", "i", "a"], " y": ["e", "o", "a"], "ye": ["a", "r", "d"], "gi": ["n", "o", "v"], " D": ["e", "a", "u"], "Du": ["r", "b", "M"], "ue": [" ", "s", "n"], "w ": ["t", "a", ","], "oc": ["k", "a", "i"], "iz": ["e", "a", "o"], "ze": ["d", " ", "r"], "bu": ["t", "m", "i"], "fa": ["c", "m", "n"], "sl": ["a", "i", "y"], "ib": ["e", "l", "u"], "14": [" ", "0", "t"], "4 ": [",", "@", "."], "nc": ["e", "l", "h"], "Az": ["o", "z", "t"], "zu": [" ", "e", "r"], "vo": ["l", "i", "r"], "lu": ["d", "e", "b"], " 4": [" ", "0", "5"], "\n=": [" ", "e", "a"], "\nA": [" ", "f", "s"], "As": [" ", "s", "t"], "my": [" ", "s", "t"], "rc": ["h", "e", "i"], "ug": ["h", "u", "g"], "gh": ["t", " ", "o"], "c ": ["a", "c", "s"], "oo": ["k", "d", "l"], "ok": [" ", "e", "s"], "ik": ["e", "i", " "], "sp": ["e", "o", "i"], "oi": ["n", "s", "c"], "ee": ["n", " ", "t"], "ub": ["l", "s", " "], "bb": ["e", "i", "y"], "xt": [" ", "e", "r"], "og": ["r", "i", "y"], "gr": ["a", "e", "o"], "ps": [" ", "e", "o"], "ey": [" ", "e", "o"], "p ": ["t", "o", "a"], "va": ["l", "t", "n"], "pp": ["e", "o", "r"], "ff": ["e", "i", " "], "Ou": ["t", "r", "w"], "cu": ["l", "r", "s"], "wt": ["h", "o", " "], "cc": ["e", "o", "u"], "Al": ["l", "t", "i"], "gs": [" ", "i", "t"], "ci": ["a", "e", "t"], "if": ["i", "e", "f"], "b ": [",", ".", "a"], "sq": ["u", " ", "a"], "qu": ["e", "a", "i"], "dd": ["i", "e", "l"], "od": [" ", "e", "u"], "ty": [" ", "p", "l"], "tw": ["o", "e", "i"], "ba": ["s", "t", "c"], "sy": ["s", " ", "m"], "ys": [" ", "t", "i"], "' ": ["s", "a", "<"], "Ea": ["r", "s", "c"], "Ac": ["c", "t", "a"], " U": ["n", "S", "."], "Up": ["o", " ", "p"], "gl": ["e", "a", "i"], "HP": [" ", "e", "a"], "P ": ["@", ")", ","], " k": ["n", "i", "m"], "kn": ["o", "e", "a"], "ks": [" ", "o", "h"], "sk": ["e", "i", " "], "iq": ["u", "e", "a"], "Pe": ["r", "t", "n"], "nn": ["e", "i", "o"], "lp": [" ", "h", "e"], "lw": ["a", "i", "o"], "To": ["w", " ", "r"], "cq": ["u", "e", "a"], "ui": ["l", "t", "s"], "Sp": ["a", "e", "o"], " K": ["i", "a", "e"], "Ku": ["r", "b", "s"], "Di": ["v", "s", "r"], "Co": ["m", "n", "l"], "au": ["s", "t", "r"], " F": ["r", "o", "e"], "Fo": ["r", "l", "u"], "mc": ["o", "h", " "], "vy": [" ", "a", "w"], "Tr": ["a", "o", "i"], "Sc": ["o", "h", "i"], "En": ["g", "t", "d"], "Ar": ["m", "t", "a"], "So": ["u", "m", "n"], "sw": ["e", "i", "a"], "tc": ["h", "o", "a"], "oe": ["s", "m", "t"], "af": ["t", "f", "e"], "Wi": ["l", "t", "n"], "rl": ["y", "d", "i"], "yp": ["e", "t", "i"], "Sq": ["u", "e", "a"], "42": [" ", "n", "0"], "22": [" ", "n", "0"], "2 ": [",", "@", "."], "ds": [" ", "o", "t"], "um": [" ", "b", "e"], "gu": ["e", "s", "n"], "Mi": ["n", "c", "s"], "up": [" ", "p", "e"], "xe": ["d", "c", "n"], "dy": [" ", "n", "i"], "Ir": ["e", "i", "a"], "ms": [" ", "e", "t"], "lf": [" ", "r", "i"], " ;": [" ", "\n", "a"], "; ": ["t", "a", "i"], "Da": ["v", "n", "y"], "ek": [" ", "s", "l"], "oy": ["e", "a", " "], "Ri": ["v", "c", "h"], "yo": ["u", "n", "r"], "ht": [" ", "e", "s"], "Ca": ["r", "n", "l"], "xi": ["s", "m", "c"], "dv": ["a", "e", "i"], "sf": ["u", "e", "i"], "2n": ["d", "e", "a"], "On": [" ", "e", "l"], "nr": ["y", "e", "i"], "ah": [" ", "a", "e"], "At": [" ", "l", "h"], "bi": ["l", "t", "n"], "lv": ["e", "a", "i"], "Cr": ["o", "e", "i"], "Ge": ["r", "o", "n"], "\n<": ["u", "f", "a"], "aj": ["o", "e", "a"], "np": ["o", "r", "l"], "uf": ["f", "a", "i"], "Em": ["p", "m", "i"], "ny": [" ", "m", "o"], "ym": ["p", "o", "e"], "ax": ["i", " ", "o"], "nv": ["e", "i", "o"], " j": ["u", "o", "a"], "wf": ["o", "u", "a"], "nf": ["l", "o", "a"], "go": ["v", " ", "a"], "De": ["c", "s", "p"], "\nC": ["o", "r", "h"], "ox": ["i", " ", "a"], "pu": ["b", "l", "t"], " L": ["a", "o", "i"], "Li": ["v", "n", "t"], "eq": ["u", "e", "a"], "tf": ["o", "u", "i"], "In": [" ", "d", "t"], "yu": ["r", "a", "z"], "uk": ["e", "i", " "], "ph": ["y", "i", "e"], "ya": ["r", "l", "n"], "pg": ["r", " ", "a"], "rp": ["o", "r", "e"], "ob": ["e", "s", "a"], "fy": [" ", "i", "a"], "Pr": ["o", "e", "i"], "I.": [" ", "G", "\n"], ".G": [".", " ", "a"], "G.": [" ", "I", "E"], "Mu": ["s", "l", "r"], "oj": ["e", "i", "o"], "je": ["c", "d", "v"], "An": ["d", "t", "g"], "ej": ["e", "o", "u"], "He": [" ", "r", "a"], "yn": ["a", "e", " "], "gm": ["e", "a", "o"], "If": [" ", "e", "a"], " Y": ["o", "e", "a"], "Yo": ["r", "u", " "], "..": [".", " ", "\n"], "Ki": ["n", "l", "r"], "eb": ["r", "u", "e"], "bs": ["e", " ", "t"], "Fa": ["m", "n", "r"], "Sh": ["e", "a", "i"], "TG": [" ", "S", "a"], "GS": [" ", "C", "a"], "S ": ["$", "a", ","], "fl": ["e", "o", "u"], "ux": [" ", "e", "u"], "x ": ["o", ",", "a"], "Fl": ["o", "e", "a"], "27": [" ", "t", "5"], "7 ": [",", ".", "@"], "DL": ["C", "e", "a"], "LC": [" ", "S", "a"], "C ": [")", ",", "S"], "Fe": ["b", "d", "r"], "br": ["o", "i", "a"], "Ap": ["r", "p", "o"], "Ex": ["p", "e", "t"], "Ed": ["w", "i", "u"], "23": [" ", "0", "r"], "\nU": ["n", "p", "E"], "Un": ["i", "d", "l"], "PS": [" ", "P", "2"], "SP": [" ", "N", "E"], "12": [" ", "0", "t"], "py": [" ", "r", "a"], "\nO": ["n", "t", "l"], "xc": ["e", "l", "a"], "By": [" ", "r", "z"], " 1": ["9", "8", " "], "02": [" ", "\n", "n"], "@,": ["@", "e", "a"], ",@": [" ", "\n", "a"], "La": ["t", "n", "w"], "ii": [" ", "a", "n"], "15": [" ", "0", "t"], "52": [" ", "n", "0"], " 5": [" ", "0", "1"], "50": [" ", "0", "s"], "00": [" ", "0", "9"], "\nF": ["o", "r", "e"], "cy": [" ", "c", "t"], "yc": ["l", "e", "h"], "Te": ["c", "s", "l"], "\nP": ["r", "e", "a"], "Of": ["f", " ", "t"], "az": ["i", "a", "e"], "zi": ["n", " ", "l"], " -": [" ", "-", "\n"], "- ": ["(", "t", "a"], "UK": [" ", "e", "a"], "K ": ["'", ",", "S"], "yl": ["e", "a", "i"], " q": ["u", " ", "i"], "sm": ["a", " ", "i"], "dm": ["i", "a", "e"], "wk": ["e", "s", " "], "kw": ["a", "e", "i"], "ud": ["i", "e", "y"], "AI": [" ", "D", "F"], "Ry": ["a", "d", "ū"], "IG": ["N", "A", "a"], "GN": [" ", "e", "a"], "N ": ["@", "'", "a"], "Ko": ["r", "m", "n"], "ku": ["l", " ", "m"], "hl": ["e", "y", "i"], "gt": ["h", "o", "i"], "Le": ["a", "o", "s"], "\nK": ["i", "e", "a"], "Ni": ["c", "x", "g"], "3D": [" ", "S", "a"], "DS": [" ", "O", "9"], " X": [" ", "e", "I"], "X ": ["@", ",", "o"], " Z": ["e", "h", "a"], "Zo": ["o", "n", "m"], "Ad": ["a", "d", "m"], "\nV": ["a", "i", "o"], "Ne": ["w", "v", "t"], "DV": ["D", "e", "a"], "VD": [" ", "s", "a"], "D ": [")", "@", "1"], "Ju": ["n", "l", "s"], "29": [" ", "t", "0"], "9 ": [",", ".", "@"], "Au": ["s", "g", "t"], "31": [" ", "7", "0"], "Bl": ["a", "u", "o"], "Pi": ["t", "n", "c"], "ji": ["l", " ", "n"], "Ro": ["m", "b", "s"], "eu": ["m", "t", "r"], "Mo": ["n", "r", "s"], "eh": ["i", "a", "o"], "Bo": ["o", "s", "n"], "Tw": ["o", "i", "e"], "Oa": ["k", "h", "t"], "Ka": ["n", "r", "t"], "ka": ["n", " ", "r"], "Bu": ["r", "s", "t"], "U.": ["S", " ", "a"], ".S": [".", "e", "a"], "S.": [" ", "C", "H"], "cA": ["r", "l", "a"], "hu": ["r", "m", "s"], "Pa": ["r", "l", "u"], "18": [" ", "9", "5"], "84": [" ", "0", "9"], "40": [" ", "0", "s"], "Si": ["n", "m", "x"], "19": ["9", "8", "4"], "94": [" ", "0", "7"], "99": [" ", "0", "5"], "97": ["0", " ", "2"], "dq": ["u", "e", "a"], " Æ": ["l", "s", "t"], "Æs": ["t", "e", "a"], "Cl": ["a", "u", "e"], "89": [" ", "0", "5"], "Be": ["r", "l", "s"], "hp": ["l", " ", "o"], "Do": ["n", "m", "u"], "US": [" ", "A", "D"], "Wo": ["r", "o", "l"], "md": ["e", "i", "a"], ">\n": ["<", "=", "T"], "Go": ["d", "v", "l"], "nw": ["a", "h", "e"], "Am": ["e", "o", "a"], "wl": ["e", "y", " "], "Ok": ["e", "l", "i"], "kl": ["y", "e", "a"], "ix": [" ", "t", "e"], "B.": [" ", "\n", "a"], "Jo": ["h", "r", "s"], "oh": ["n", "a", "e"], "hn": [" ", "i", "s"], "nm": ["e", "a", "o"], "Or": ["i", "d", "g"], " $": [" ", "e", "a"], "$ ": ["1", "2", "3"], " 0": ["0", " ", "6"], "dg": ["e", "i", "m"], "30": [" ", "0", "s"], "@.": ["@", "e", "a"], ".@": [" ", "e", "a"], " 9": [" ", "0", "t"], "91": [" ", "8", "9"], "Ci": ["t", "v", "n"], "df": ["a", "o", "i"], "86": [" ", "0", "1"], "60": [" ", "s", "0"], "zo": ["n", "r", "m"], "5 ": [",", "@", "."], "61": [" ", "6", "2"], "8 ": [",", ".", "@"], "28": [" ", "0", "t"], "lr": ["e", "o", "y"], "Lo": ["n", "v", "r"], "M ": ["@", "☉", ")"], "Ha": ["r", "m", "i"], "tp": ["o", "u", "a"], "Sm": ["i", "a", "o"], " [": [" ", "e", "a"], "[ ": ["t", "s", "i"], " ]": [" ", "\n", "a"], "] ": ["t", "a", "h"], "1\n": ["=", "U", "T"], " 6": [" ", "0", "5"], "6 ": [",", ".", "@"], ",\n": ["T", "\"", "A"], "bj": ["e", "i", "a"], "4t": ["h", "e", "a"], "rh": ["a", "y", "o"], "Ab": ["b", "u", "o"], "ln": ["e", " ", "s"], "hd": ["r", "o", "a"], "dr": ["e", "a", "o"], ":\n": ["T", "I", "<"], "nq": ["u", "e", "a"], " 8": [" ", "0", "5"], "dn": ["e", " ", "a"], "24": [" ", "0", "3"], "47": [" ", "t", "3"], "25": [" ", "0", "t"], "nz": ["a", "e", "i"], "\nM": ["a", "o", "e"], "M1": ["8", "e", "a"], "82": [" ", "0", "1"], ".6": ["9", "0", "a"], "69": [" ", "0", "7"], "62": [" ", "5", "8"], "5\n": ["M", "=", "1"], "53": [" ", "3", "E"], "3\n": ["<", "=", "M"], "hb": ["o", "i", "a"], "35": [" ", "0", "5"], "57": [" ", "t", "\n"], "7\n": ["\"", "=", "<"], "90": [" ", "s", "0"], "0\n": ["=", "\"", "<"], "54": [" ", "0", "t"], "4\n": ["\"", "M", "A"], "2\n": ["=", "T", "\""], "\nH": ["e", "a", "o"], "26": [" ", "1", "0"], "67": [" ", "9", "6"], "64": [" ", "0", "8"], "36": [" ", "0", "t"], "hy": [" ", "s", "m"], "5t": ["h", "e", "a"], "6t": ["h", "e", "a"], " 7": [" ", "0", "5"], "7t": ["h", "e", "a"], "8t": ["h", "e", "a"], " /": [" ", "\n", "a"], "/ ": ["h", "<", "4"], "9t": ["h", "e", "a"], "0t": ["h", "e", "a"], "Ke": ["n", "a", "y"], "3r": ["d", "e", "a"], "We": ["s", "l", " "], "1s": ["t", "e", "a"], "1t": ["h", "e", "a"], "2t": ["h", "e", "a"], "lm": [" ", "o", "e"], "xh": ["i", "a", "u"], "n.": ["c", " ", "a"], "63": [" ", "0", "9"], "C.": [" ", "R", "\n"], "\n\"": [" ", "e", "a"], "75": [" ", "0", "9"], "Fi": ["n", "r", "l"], "'l": ["l", " ", "a"], "tg": ["o", "a", "e"], "bt": ["a", " ", "s"], "\"\n": ["=", "T", "I"], "hm": ["e", "a", " "], "W.": [" ", "C", "\n"], "Lt": ["d", ".", " "], "t.": [" ", "c", "a"], "nb": ["u", "e", "o"], "\nL": ["i", "a", "o"], "l.": [" ", "e", "a"], "Vo": ["l", "y", "i"], "49": [" ", "t", "0"], "IV": [" ", "A", "a"], "V ": [",", "s", "C"], "Gr": ["a", "e", "o"], "\nD": ["u", "e", "a"], " &": [" ", "e", "a"], "& ": ["B", "<", "S"], "Su": ["n", "p", "r"], "\n7": [" ", "t", "5"], "n\n": ["=", "<", "N"], "\n1": ["9", "5", "1"], "t\n": ["<", "=", "2"], "\n2": [" ", "0", "n"], "17": [" ", "t", "9"], "13": [" ", "0", "t"], "\n9": ["6", "t", "9"], "96": [" ", "0", "4"], "s\n": ["<", "=", "T"], ")\n": ["<", "=", "T"], "\n4": [" ", "O", "4"], "\nG": ["e", "a", "o"], "Gu": ["i", "l", "a"], "hs": [" ", "c", "t"], "Fr": ["e", "a", "o"], "Br": ["i", "a", "o"], "87": [" ", "8", "0"], "74": [" ", "0", "3"], "73": [" ", "7", "0"], "68": [" ", "9", "2"], "88": [" ", "0", "9"], "80": [" ", "s", "0"], "hw": ["a", "e", "o"], "0s": [" ", "\n", "a"], "Oc": ["t", "e", "c"], "93": [" ", "0", "9"], "km": [" ", "2", "a"], " ²": [" ", "e", "a"], "² ": [")", ",", "p"], "Bi": ["l", "r", "g"], "H.": [" ", "6", "G"], "\nE": ["a", "n", "v"], "Pu": ["b", "l", "r"], "Ve": ["r", "n", "e"], " –": [" ", "e", "a"], "– ": ["1", "0", "2"], "Ov": ["e", "a", "a"], "06": [" ", "0", "\n"], "Ce": ["n", "r", "l"], "70": [" ", "s", "0"], "bc": ["o", "a", "h"], "95": [" ", "0", "2"], "16": [" ", "0", "4"], "lh": ["e", "i", "a"], "yd": ["r", "e", " "], "uv": ["e", "i", "r"], "92": [" ", "0", "9"], "\nB": ["e", "y", "a"], " ’": [" ", "e", "a"], "’ ": ["s", "t", "r"], "Hy": ["d", "p", "m"], "mn": ["a", " ", "i"], " Q": ["u", "e", "i"], "Qu": ["e", "i", "a"], "sn": [" ", "e", "a"], "'t": [" ", "e", "a"], "98": [" ", "0", "6"], "85": [" ", "0", "4"], "tn": ["e", "a", "i"], "El": ["e", "i", " "], "Os": ["l", "c", "t"], "66": [" ", "t", "0"], "08": [" ", "\n", "1"], "ae": ["l", "o", " "], "Tu": ["r", "n", "b"], "bm": ["a", "i", "e"], "My": [" ", "s", "c"], "Ow": ["e", "a", "l"], "Id": ["a", "o", "y"], " £": [" ", "e", "a"], "£ ": ["1", "2", "5"], "yt": ["h", "o", "e"], "xq": ["u", "e", "a"], "58": [" ", "0", "\n"], "Gl": ["a", "o", "e"], "mr": ["a", "o", "u"], "tb": ["a", "r", "o"], "Av": ["e", "i", "a"], "77": [" ", "0", "2"], "83": [" ", "0", "2"], "dh": ["a", "e", "o"], "lg": ["i", "a", "e"], "gy": [" ", "p", "m"], "dw": ["a", "i", "e"], " —": [" ", "\n", "a"], "— ": ["a", "t", "w"], "Ev": ["e", "a", "i"], "ja": ["c", "m", "z"], "Gi": ["l", "r", "a"], "Ol": ["d", "i", "y"], "Rh": ["o", "y", "i"], "Ti": ["m", "n", "g"], "Ru": ["s", "n", "g"], "38": [" ", "t", "0"], "43": [" ", "5", "0"], "Je": ["r", "w", "s"], "Mr": [".", "s", " "], "r.": [" ", "c", "a"], "gg": ["e", "l", "i"], "Sw": ["e", "i", "a"], "Kn": ["o", "i", "a"], "46": [" ", "0", "2"], " ₤": [" ", "e", "a"], "₤ ": ["5", "2", "3"], "\nR": ["e", "o", "a"], "33": [" ", "0", "8"], "Ll": ["o", "a", "e"], "34": [" ", "5", "0"], "41": [" ", "0", "s"], "48": [" ", "0", "t"], " x": ["e", " ", "1"], "J.": [" ", "P", "a"], "6\n": ["=", "\"", "S"], "\nN": ["o", "e", "a"], "21": [" ", "s", "7"], "8\n": ["F", "\"", "="], "32": [" ", "0", "n"], "M.": [" ", "B", "I"], "K.": [" ", "e", "a"], "9\n": ["\"", "<", "T"], "37": [" ", "0", "5"], "\nW": ["h", "i", "a"], "44": [" ", "0", "8"], "cm": [" ", "i", "e"], "55": [" ", "0", "3"], "Nu": ["m", "s", "r"], "05": [" ", "0", "\n"], "07": [" ", "0", "5"], "Ep": ["i", "s", "p"], "FI": ["A", "F", "T"], "IF": ["A", " ", "P"], "FA": [" ", "U", "B"], "U ": ["@", "\"", ")"], "Cu": ["p", "l", "b"], "rb": ["i", "a", "e"], "ij": ["i", "a", "m"], "SO": ["M", " ", "S"], "OS": [" ", "V", "O"], "kg": ["r", " ", "a"], "Fu": ["r", "l", "n"], "09": [" ", "\n", "9"], "kr": ["a", "i", "u"], "yg": ["r", "e", "h"], "dt": ["r", "h", " "], "IU": ["C", "e", "a"], "UC": ["N", "L", "I"], "CN": [" ", "N", "S"], "xo": ["n", "p", "d"], "CS": [" ", "E", "S"], "SI": ["A", "M", "R"], "IR": [" ", "A", "B"], "RO": ["K", "M", " "], "O ": ["'", "<", ","], "DN": ["A", "L", "a"], "NA": [" ", "S", "T"], "N.": [" ", "c", "a"], " ~": [" ", "e", "a"], "~ ": ["<", "D", "4"], "45": [" ", "0", "7"], "nh": ["a", " ", "e"], "Is": ["l", "r", "a"], "39": [" ", "0", "t"], "03": [" ", "0", "\n"], "wb": ["o", "a", "i"], "xu": ["a", "r", "s"], "Hu": ["r", "m", "n"], "iw": ["e", "a", "a"], "59": [" ", "0", "2"], "NH": ["L", "C", " "], "HL": [" ", "e", "a"], "L ": [")", "'", "i"], "fs": [" ", "h", "e"], "Dr": ["e", "a", "."], "Oi": ["l", "e", "a"], "ez": [" ", "e", "i"], "65": [" ", "0", "t"], "Ph": ["i", "o", "a"], "51": [" ", "6", "9"], "Ot": ["h", "t", "r"], "gf": ["i", "r", "u"], "lc": ["o", "u", "a"], "sb": ["a", "i", "u"], "Kr": ["a", "i", "e"], "hc": ["r", "o", "h"], "fw": ["a", "e", "a"], "P.": [" ", "c", "J"], " %": [" ", "\n", "a"], "% ": ["o", ".", ")"], "oz": ["a", "e", "o"], "Ei": ["g", "n", "s"], "Op": ["e", ".", "é"], "pb": ["e", "u", "r"], "76": [" ", "6", "9"], "%\n": ["=", "e", "a"], "uo": ["u", "t", "y"], "hv": ["i", "a", "a"], "CE": [" ", "O", "F"], "E ": [")", ".", ","], "NW": ["A", "B", " "], "W ": [")", "﻿", "H"], "PA": [" ", "V", "S"], "c\n": ["b", "e", "a"], "\nb": ["o", "a", "u"], "G\n": ["=", "e", "a"], "Pt": ["o", "a", "s"], " +": [" ", "\n", "a"], "+ ": ["3", "<", "2"], "Ic": ["e", "k", "h"], "W\n": ["=", "T", "a"], "GA": [" ", "S", "A"], "Ag": ["e", "a", "r"], "AA": [" ", "F", "A"], "Sv": ["a", " ", "e"], "v ": [",", "a", "<"], "\n†": [" ", "e", "a"], "† ": ["<", "w", "i"], "NC": [" ", "A", "O"], "CA": [" ", "A", "T"], "1,": ["0", "e", "a"], ",0": ["0", "e", "a"], "XI": ["I", " ", "V"], "Ob": ["s", "a", "e"], "BC": [" ", "E", "S"], "Lu": ["c", "d", "i"], "79": [" ", "0", "4"], "iu": ["m", "s", " "], "VI": ["I", " ", "D"], "AM": ["L", "C", "N"], "Es": ["h", "s", "t"], "78": [" ", "9", "7"], "56": [" ", "t", "0"], "z ": [",", "a", "'"], "X.": [" ", "\n", "a"], "72": [" ", "n", "5"], "Ur": ["a", "b", "n"], "gw": ["r", "a", "a"], "lb": ["u", "o", "e"], "gd": ["o", "a", "e"], "R ": ["&", "8", "1"], "B ": ["@", "s", "/"], "yb": ["o", "e", "r"], "T.": [" ", "S", "\n"], "uh": ["a", "o", " "], "CD": [" ", "s", "T"], "wd": [" ", "e", "s"], "Wy": ["o", "a", "n"], "WY": ["O", "e", "a"], "YO": [" ", "e", "a"], "71": [" ", "6", "4"], "ml": ["e", "y", "a"], "AD": [" ", "T", "O"], "DT": [" ", "V", "\n"], "T ": ["'", ")", "a"], "Sy": ["s", "r", "m"], "HS": [" ", "S", "T"], "81": [" ", "9", "8"], "SS": [" ", "H", "R"], "J ": ["H", ")", "@"], "G ": ["@", ",", "a"], "sg": ["u", "o", "r"], "D.": [" ", "C", "J"], "zv": ["o", "e", "a"], "04": [" ", "4", "\n"], " °": [" ", "e", "a"], "° ": ["C", "F", "N"], " !": [" ", "\n", "a"], "! ": ["\"", "!", ","], "L.": [" ", "A", "a"], "A.": [" ", "V", "M"], "F.": [" ", "C", "a"], "gb": ["y", "o", "a"], "ko": ["v", " ", "t"], "Ya": ["n", "m", "r"], "wy": ["e", "n", "c"], "\nJ": ["o", "a", "e"], "Sr": ["i", ".", "a"], "kt": ["o", "a", "h"], "Aw": ["a", "e", "a"], "yw": ["o", "h", "a"], "Ye": ["a", "o", "l"], "dp": ["l", "o", "i"], "ND": ["H", "T", "a"], "TV": [" ", ".", "L"], "NN": [" ", "ʿ", "a"], "f.": ["c", "e", "a"], ".c": ["o", "4", "a"], "Kh": ["a", "á", "o"], "rj": ["á", "u", " "], " ₹": [" ", "e", "a"], "₹ ": ["1", "3", "2"], "bh": ["a", "u", " "], "zz": ["l", " ", "i"], "zl": ["e", "i", "y"], "Ay": ["y", "r", "l"], "Jh": ["a", "e", "a"], "Dh": ["a", "e", "i"], "sd": ["a", "o", "i"], "kf": ["o", "u", "a"], "yf": ["u", "r", "a"], "Sl": ["a", "e", "o"], "mf": ["o", "a", "u"], "Ey": ["e", "c", "a"], "IH": ["L", "e", "a"], "gk": ["o", "i", "a"], "BU": [" ", "F", "a"], "kb": ["u", "o", "r"], "xa": ["m", "s", "n"], "AT": [" ", "P", "O"], " #": [" ", "e", "a"], "# ": ["1", "2", "4"], " “": [" ", "e", "a"], "“ ": ["<", "t", "T"], " ”": [" ", "\n", "a"], "”\n": ["=", "T", "<"], "Jr": [" ", ".", "a"], "SM": ["S", "T", " "], "MS": [" ", "F", "H"], "Er": ["i", "n", "a"], "rz": ["e", "h", "o"], "zh": ["o", "e", "u"], "Sz": ["e", "e", "a"], "tv": ["e", "á", "i"], "vá": ["n", "e", "a"], "án": ["h", " ", "d"], "kW": [" ", "e", "a"], "uz": ["z", " ", "i"], "Eg": ["y", "u", "g"], "aa": ["t", "k", "n"], "ao": [" ", "r", "s"], "nṯ": ["r", "e", "a"], "ṯr": [" ", "e", "a"], "sr": ["a", "u", "o"], "Py": ["r", "m", "n"], "Dy": ["l", "n", "c"], "vu": ["l", "e", "a"], "Ak": ["i", "r", "a"], "kh": ["e", "o", "u"], "E.": [" ", "1", "\n"], "nx": [" ", "i", "e"], "rq": ["u", "e", "a"], "s.": [" ", "c", "a"], "pM": ["a", "e", "a"], "'d": [" ", "\n", "a"], "lM": ["u", "e", "a"], "Ul": ["y", "t", "s"], "tk": ["i", "e", "a"], "dc": ["a", "o", "u"], "Ds": [" ", "e", "a"], " ‘": [" ", "e", "a"], "‘ ": ["i", "B", "L"], "Il": ["l", " ", "a"], "r\n": ["W", "<", "A"], "IC": ["E", "P", "A"], "AO": ["C", "L", " "], "EA": [" ", "S", "A"], "AS": ["A", " ", "P"], "SA": [" ", "F", "S"], "Ai": ["r", "d", "n"], "Ae": ["r", "g", "s"], "DH": [" ", ".", "a"], "WW": ["F", "E", "I"], "WI": ["I", " ", "a"], "AR": ["V", " ", "I"], "e.": ["g", " ", "a"], ".g": [".", "e", "a"], "g.": [" ", "e", "a"], "Ox": ["f", "b", "a"], "xf": ["o", "a", "2"], "Eq": ["u", "e", "a"], "Ef": ["f", "e", "a"], "JA": ["R", "e", "a"], "EU": [" ", "e", "a"], "LA": [" ", "N", "F"], "NP": ["R", " ", "P"], "PP": ["C", "L", "a"], "PL": [" ", "A", "a"], "td": ["o", " ", "a"], "i.": ["e", "C", "a"], ".e": [".", "4", "a"], "Ip": ["s", "h", "a"], " z": ["o", "e", "i"], "Zr": ["í", "e", "a"], "rí": ["n", "a", "g"], "ín": [" ", "y", "e"], "tz": [" ", "e", "o"], "zk": ["y", "i", "a"], "\nZ": ["h", "a", "o"], "pw": ["a", "o", "r"], "HM": ["S", "C", "V"], "Yu": ["e", "g", " "], "SN": ["L", " ", "U"], "tä": ["n", "e", "a"], "än": [" ", "e", "a"], "yx": ["i", "e", "a"], " µ": ["m", "g", "a"], "µm": [" ", "e", "a"], "Ec": ["o", "c", "h"], "kd": ["o", "r", "a"], "zy": [" ", "m", "i"], "Ty": ["p", "r", "n"], "Mc": ["C", "L", "G"], "cK": ["a", "i", "e"], "Q.": [" ", "e", "a"], "Wr": ["i", "e", "a"], "O.": [" ", "D", "W"], "yk": ["o", "e", " "], "vs": [".", "k", " "], "xy": ["g", " ", "m"], "Us": ["t", "h", " "], "R1": [" ", "e", "a"], "H ": ["a", ")", "<"], " β": [" ", "e", "a"], "β ": ["@", "+", "−"], "uá": ["r", "e", "a"], "ár": ["q", "e", "r"], "Dí": ["a", "e", "a"], "ía": [" ", "z", "a"], "mó": ["n", "e", "a"], "ón": [" ", "s", "i"], "eó": ["n", "e", "a"], "sé": [" ", "e", "a"], "é ": ["'", ",", "a"], "Yv": ["e", "o", "a"], "Gó": ["m", "e", "a"], "óm": ["e", "e", "a"], "ih": ["a", "o", "e"], "zc": ["o", "z", "a"], "zá": ["l", "e", "a"], "ál": ["v", "i", " "], "Za": ["n", "g", "p"], "cá": ["n", "e", "a"], "añ": ["o", "j", "a"], "ño": [" ", "r", "l"], "'é": ["t", "e", "a"], "ét": ["i", "u", "a"], "uj": ["i", "a", "u"], "wp": ["o", "e", "a"], "Ly": ["n", "c", "r"], "aq": [" ", "u", "i"], "uí": ["n", "e", "a"], "cí": ["a", " ", "a"], "IM": ["O", " ", "E"], "tí": ["n", "s", "a"], "CI": [" ", "A", "a"], "IA": [" ", "A", "U"], "'r": ["e", "o", "a"], "RA": [" ", "A", "R"], "AF": [" ", "E", "T"], "F ": [")", "@", "("], "OB": [" ", "E", "A"], "BE": [" ", "T", "A"], "FC": [" ", "C", "a"], "o.": [" ", "e", "a"], "RF": ["U", "C", "a"], "CO": [" ", "s", "S"], "vr": ["u", "e", "o"], "AC": [" ", "E", "s"], "wm": ["a", "e", "i"], "sv": ["i", "a", "e"], "WA": ["S", " ", "B"], "UN": [" ", "E", "I"], "3s": [" ", "e", "a"], "NB": ["A", "C", "a"], "NL": [" ", "F", "D"], "pd": ["a", "o", "e"], "AP": [" ", "F", "L"], "Ze": ["a", "r", "l"], "né": ["e", " ", "a"], "ée": [" ", "e", "a"], "YM": ["C", "e", "a"], "MC": ["C", " ", "A"], "AB": ["C", " ", "D"], "uy": [" ", "b", "s"], "Ji": ["n", "m", "f"], "Aq": ["u", "e", "a"], "cC": ["a", "o", "a"], "mW": ["o", "e", "a"], "fg": ["h", "a", "a"], "cN": ["i", "a", "e"], "'m": [" ", "e", "a"], " ?": [" ", "\n", "a"], "? ": ["\"", "'", "I"], "Ms": [".", "e", "a"], "4b": [" ", "e", "a"], "rW": ["e", "A", "a"], "AU": [" ", "e", "a"], "Gh": ["o", "a", "a"], "NE": ["S", "A", "T"], "ES": ["C", "P", " "], "SC": ["O", " ", "A"], "m2": [" ", "e", "a"], "q ": ["m", ",", "f"], "j ": ["<", ",", "J"], "Bh": ["a", "o", "r"], "” ": [".", ",", "w"], "hq": ["u", "e", "a"], "Sk": ["y", "i", "e"], "EP": [" ", "s", "\n"], "R8": [" ", "e", "a"], "db": ["a", "e", "l"], "cF": ["a", "e", "a"], "Zi": ["m", "n", "o"], "Om": ["a", "e", "n"], "Cz": ["e", "e", "a"], "pc": ["o", "s", "a"], "Z ": ["a", ",", ")"], "Ig": ["u", "n", "o"], "Ax": ["i", "e", "a"], "aš": ["e", "k", "a"], "šk": ["a", "e", "a"], "Kl": ["e", "i", "a"], "Fö": ["r", "e", "a"], "ör": ["s", "n", "a"], "ša": [" ", "e", "a"], "Iv": ["a", "o", "a"], "vn": ["i", "y", "o"], "Vu": ["l", "k", "t"], "Z.": [" ", "e", "a"], "ič": ["i", "e", "a"], "či": ["ć", "e", "a"], "ić": [" ", "i", "a"], "ć ": [",", "a", "s"], "uđ": ["m", "e", "a"], "đm": ["a", "e", "a"], "SD": [" ", "P", "A"], "Jé": ["r", "e", "a"], "ér": ["a", "r", "o"], "rô": ["m", "e", "a"], "ôm": ["e", "e", "a"], "pé": ["r", "t", "d"], "IT": ["V", "s", " "], "Ts": ["u", " ", "a"], "'C": ["o", "r", "a"], "NU": ["S", "J", " "], "UJ": [" ", "e", "a"], "BB": ["C", "D", " "], "uT": ["u", "e", "a"], "v.": [" ", "e", "a"], "MJ": [" ", "e", "a"], "BA": [" ", "F", "S"], "MV": ["P", " ", "a"], "VP": [" ", "s", "a"], "PN": [" ", "c", "."], "IB": ["A", "M", "E"], "R.": [" ", "U", "\n"], "cD": ["o", "e", "a"], "CC": [" ", "M", "T"], "Ew": ["i", "a", "a"], "uw": ["a", " ", "o"], "xl": ["e", "e", "a"], "6e": ["r", "e", "a"], "CB": ["S", "s", " "], "BS": [" ", "A", "U"], "'v": ["e", "e", "a"], "Ut": ["a", "t", "i"], "Ps": [" ", "y", "i"], "eB": ["r", "e", "a"], "Kw": ["a", "e", "a"], "bd": ["i", "u", " "], "Sn": ["o", "a", "e"], "Ys": ["a", "l", "a"], "fü": ["r", "e", "a"], "ür": ["s", "g", " "], "sz": ["t", " ", "c"], "Uk": ["r", "e", "a"], "Lw": ["ó", "e", "a"], "wó": ["w", "e", "a"], "ów": [" ", "e", "a"], "kó": ["w", "e", "a"], "jm": [" ", "e", "a"], "cz": [" ", "a", "a"], "sł": ["a", "e", "a"], "ła": ["w", "d", "j"], "Wł": ["a", "o", "a"], " Ż": ["e", "e", "a"], "Że": ["l", "e", "a"], "eń": ["s", "e", "a"], "ńs": ["k", "e", "a"], "Zu": ["n", "l", "m"], "ło": ["d", "e", "a"], "dz": ["i", "e", "a"], "Zb": ["i", "a", "a"], "TO": ["T", " ", "N"], "ON": [" ", "e", "a"], "lz": [" ", "e", "a"], "IN": [" ", "S", "U"], "NS": [" ", "B", "S"], "MW": [" ", "e", "a"], "Kö": ["n", "p", "a"], "ön": ["e", "i", "a"], "AG": [" ", "s", "A"], "SK": [" ", "A", "a"], "Lü": ["t", "e", "a"], "üt": ["z", "h", "a"], "3t": ["h", "e", "a"], " Ö": ["s", "e", "a"], "Ös": ["e", "e", "a"], "vk": ["a", "e", "a"], "Od": ["a", "e", "y"], "iy": ["a", "u", "s"], "MK": [" ", "e", "a"], ".5": ["0", "e", "a"], "Oe": ["r", "d", "l"], "mt": ["a", "e", "j"], "hf": ["u", "o", "r"], "RI": ["A", "D", "T"], "ID": ["S", "F", "E"], "DO": ["T", " ", "a"], "OT": [" ", "S", "A"], "EM": ["I", "e", "a"], "MI": [" ", "T", "6"], "Vl": ["a", "e", "a"], "pn": ["e", "o", "i"], "cO": ["M", "e", "a"], "OM": [" ", "A", "E"], "MH": [" ", "e", "a"], "BR": ["I", "e", "a"], "MT": ["V", "B", "Q"], "RP": ["G", "A", "M"], "PM": ["L", " ", "a"], "BP": ["I", " ", "a"], "PI": [" ", "D", "a"], "e\n": ["=", "<", "M"], "g\n": ["R", "C", "<"], "y\n": ["=", "<", "A"], "\n.": [".", " ", "a"], "RC": ["A", " ", "R"], "cE": ["l", "n", "a"], "Oh": ["i", " ", "k"], "iT": ["u", "e", "a"], "cé": [" ", "e", "a"], " …": [" ", "\n", "a"], "… ": ["]", "h", "W"], "Aa": ["r", "l", "g"], "LP": [" ", "e", "a"], "PR": [" ", "G", "a"], "tF": ["i", "6", "a"], "'e": ["a", "l", "a"], "HC": [" ", "e", "a"], "nH": ["g", "e", "a"], "Hg": [" ", "e", "a"], "wu": ["n", "e", "a"], "mj": ["i", "a", "a"], "mg": [" ", "a", "i"], "u\n": ["S", "e", "a"], "i\n": ["A", "O", "E"], "w\n": ["R", "A", "T"], "h\n": ["<", "P", "="], "Ah": ["k", "m", "e"], "m\n": ["C", "J", "B"], "k\n": ["<", "S", "M"], "VH": ["S", "F", "1"], "bg": ["e", "r", "a"], "DD": [" ", "o", "T"], "\nY": ["o", "e", "a"], "d\n": ["=", "\"", "W"], "l\n": ["F", "3", "C"], " ่": [" ", "e", "a"], "่ ": ["ง", "<", "a"], " ง": [" ", "e", "a"], "ง ": ["ก", "<", ")"], " ก": ["ั", "e", "a"], "กั": ["ล", "e", "a"], "ัล": ["ย", "e", "a"], "ลย": ["า", "e", "a"], "ยา": ["ณ", "e", "a"], "าณ": ["ม", "e", "a"], "ณม": ["ิ", "e", "a"], "มิ": ["ต", "e", "a"], "ิต": ["ร", "e", "a"], "ตร": [" ", "e", "a"], "ร ": [")", ";", "a"], "Ao": ["T", "e", "a"], "oT": [" ", "e", "a"], "mk": ["l", "a", "a"], "PT": ["C", " ", "V"], "TA": [" ", "H", "a"], "kp": ["i", "o", "l"], "MP": [" ", "s", "a"], " ์": [" ", "e", "a"], "์ ": [")", "<", "a"], "dk": ["a", "e", "n"], "pk": ["i", "e", "a"], "hé": [" ", "d", "a"], "Ré": ["u", "s", "p"], "és": ["o", "a", " "], "Fé": ["l", "d", "a"], "él": ["i", "u", "a"], "té": ["g", "s", "a"], "ég": ["é", "i", "a"], "gé": [" ", "n", "a"], "ué": [" ", "e", "a"], "TL": ["C", "e", "a"], ".I": [".", "e", "a"], ".A": [".", "e", "a"], "DJ": [" ", "e", "a"], "BD": ["S", " ", "O"], "CR": [" ", "I", "E"], "dS": ["c", " ", "a"], "Q ": ["\"", "f", "c"], "Gw": ["e", "y", "i"], "\n^": [" ", "e", "a"], "^ ": ["6", "a", "1"], ".C": [".", "h", "a"], "\n3": [" ", "5", "r"], "Oy": ["s", "e", "a"], "cG": ["u", "r", "i"], "'T": ["o", "e", "a"], "'N": ["e", "e", "a"], "yh": ["a", "u", "o"], " *": [" ", "e", "a"], "* ": ["C", "<", "l"], "Sb": [" ", "\n", "F"], "bn": ["o", " ", "i"], "b2": ["S", "e", "a"], "2S": ["\n", "3", " "], "S3": [" ", "e", "a"], " −": [" ", "\n", "a"], "− ": ["1", "2", "3"], "m3": [" ", "e", "a"], "b\n": ["2", "4", "<"], "4O": ["\n", "e", "a"], "O\n": ["3", "6", "4"], "\n6": [" ", "F", "t"], "2O": [" ", "\n", "3"], "OH": [" ", "e", "a"], "a\n": ["<", "B", "L"], "]\n": ["=", "4", "C"], "−\n": ["4", "5", "6"], "S\n": ["3", "T", "a"], "\n5": [" ", "0", "t"], "bF": ["\n", " ", "a"], "F\n": ["2", "5", "6"], "bC": ["l", "e", "a"], "HF": [" ", "\n", "a"], " →": [" ", "e", "a"], "→ ": ["2", "<", "4"], "H\n": ["2", "<", "3"], "b3": [" ", "e", "a"], "C6": ["H", "e", "a"], "6H": ["5", "e", "a"], "H5": [" ", "e", "a"], "Et": ["t", "h", "y"], "\na": ["n", "t", "a"], "yz": ["e", "a", " "], "SG": ["S", " ", "a"], "eV": [" ", "\n", "a"], "< ": ["1", "2", "5"], "TW": ["C", "h", "A"], "µg": [" ", "e", "a"], "L\n": ["=", "J", "U"], "WH": ["O", "e", "a"], "HO": [" ", "K", "a"], "CH": ["E", "O", "R"], "FR": ["E", " ", "S"], "RS": [" ", "P", "a"], "CL": [" ", "I", "A"], "Y ": ["3", "1", "2"], "Cy": ["r", "c", "n"], "Ia": ["n", "g", "i"], "bv": ["i", "e", "a"], "V.": [" ", "c", "a"], "bw": [" ", "e", "s"], "YP": [" ", "M", "a"], "MN": ["H", " ", "a"], "ML": [" ", "B", "s"], "p.": [" ", "m", "a"], "fb": ["a", "e", "a"], " μ": ["m", "e", "a"], "μm": [" ", "e", "a"], "AE": ["2", "e", "a"], "E2": [" ", "e", "a"], "bp": ["l", "e", "a"], "'O": ["r", "c", "s"], "FT": ["A", "e", "a"], "fm": ["a", "e", "a"], "IS": ["B", "A", "O"], "SB": ["N", " ", "a"], "BN": [" ", "e", "a"], "LB": [" ", "e", "a"], "ER": ["A", " ", "a"], " ⁄": [" ", "e", "a"], "⁄ ": ["3", "2", "4"], "LD": ["S", "5", "a"], "AL": [" ", "A", "L"], "Ló": ["p", "e", "a"], "óp": ["e", "e", "a"], "HA": [" ", "L", "a"], "Oj": ["i", "e", "a"], "EC": [" ", "U", "T"], "AH": [" ", "A", "a"], "Zw": ["e", "e", "a"], "\n*": [" ", "e", "a"], " ×": [" ", "e", "a"], "× ": ["1", "2", "<"], "Io": ["w", "n", " "], "Dw": ["i", "a", "a"], "HI": ["V", "E", "a"], "EO": [" ", "e", "a"], "8-": [" ", "e", "a"], "ná": [" ", "n", "a"], "á ": ["'", "i", "."], "'i": ["n", " ", "m"], "'a": ["n", " ", "a"], "Aj": [" ", "u", "a"], "Uh": [" ", "e", "a"], "hk": ["i", " ", "a"], "ié": ["r", "e", "a"], "OC": [" ", "A", "O"], "aZ": ["u", "e", "a"], "MD": [" ", "O", "A"], "LL": ["C", " ", "a"], "FL": [" ", "T", "a"], "LT": ["3", "e", "a"], "T3": ["0", " ", "a"], "KI": [" ", "T", "a"], "pf": ["u", "a", "i"], "M8": [" ", "e", "a"], "M3": [" ", "e", "a"], "FD": ["A", "e", "a"], "DA": ["G", " ", "R"], " >": [" ", "e", "a"], "Eh": ["r", " ", "a"], "d.": [" ", "e", "a"], "BM": ["W", " ", "I"], "MG": ["B", " ", "M"], "NM": ["E", "R", "D"], "ME": [" ", "G", "a"], "OK": [" ", "e", "a"], "Uy": ["g", "e", "a"], " Ü": ["r", "e", "a"], "Ür": ["ü", "e", "a"], "rü": ["m", "e", "a"], "üm": ["q", "e", "a"], "mq": ["i", "e", "a"], "qi": [" ", "g", "a"], "hg": ["a", "e", "a"], "Xi": ["n", "a", "o"], ".m": [".", "e", "a"], "m.": [" ", "C", "a"], "Zh": ["o", "a", "u"], "Xu": [" ", "a", "a"], "Gá": ["l", "e", "a"], "Ik": ["e", "e", "a"], "öp": ["p", "e", "a"], "tW": ["a", "e", "a"], "KG": [" ", "U", "a"], "GU": ["L", "e", "a"], "UL": [" ", "e", "a"], "HB": ["O", "e", "a"], "BO": [" ", "O", "R"], "o\n": ["K", "S", "\""], "oq": ["u", "e", "a"], "nç": ["o", "a", "a"], "ço": ["i", " ", "a"], "Xa": ["v", "m", "a"], " É": ["t", "d", "c"], "Éc": ["o", "e", "a"], "FM": [" ", "e", "a"], "eP": ["a", "r", "a"], "Ét": ["u", "i", "a"], "hD": [" ", "e", "a"], "h.": [" ", "D", "n"], ".D": [".", "e", "a"], "\nQ": ["u", "i", "a"], "zp": ["a", "l", "a"], "zb": ["o", "e", "a"], "DF": [" ", "C", "a"], "OR": [" ", "\n", "a"], "@\n": ["2", "I", "U"], "AK": [" ", "e", "a"], "X\n": ["=", "1", "a"], "NR": ["\n", "R", "C"], "DE": [" ", "O", "W"], "cL": ["e", "a", "u"], "XV": ["I", " ", "a"], "cf": [" ", "e", "a"], "hh": ["e", "o", "h"], "\n(": [" ", "e", "a"], "Ug": ["a", "e", "a"], "zm": ["a", "o", "a"], "kH": ["z", "e", "a"], "Hz": [" ", "e", "a"], "0M": [" ", "e", "a"], "SR": [" ", "C", "a"], "UP": ["N", ".", "T"], "Hä": ["m", "e", "a"], "äm": ["e", "e", "a"], "vä": ["r", "e", "a"], "är": ["d", "e", "a"], "sä": ["l", "e", "a"], "äl": ["l", "e", "a"], "TR": ["E", "A", "I"], "uu": [" ", "m", "a"], "WN": ["O", "W", "R"], "WB": [" ", "L", "a"], "BL": [" ", "e", "a"], "E4": [" ", "e", "a"], "MB": ["E", "A", "a"], "WS": ["P", "D", " "], "PU": [" ", "s", "a"], "IL": [" ", "P", "a"], "Mw": ["a", "e", " "], "cR": ["a", "e", "a"], "LE": ["D", "e", "a"], "ED": [" ", "s", "x"], "gz": ["h", "a", "e"], "Wu": [" ", "z", "t"], "Qi": ["n", " ", "a"], "'u": ["n", "'", "a"], "Hs": ["i", "e", "a"], "eş": [" ", "e", "a"], "ş ": [")", ".", "a"], "Bd": ["e", "e", "a"], "OG": [" ", "e", "a"], "HQ": [" ", "\n", "a"], " ♭": [" ", "e", "a"], "♭ ": ["m", "a", "5"], " ♯": [" ", "e", "a"], "♯ ": ["3", "m", "7"], "D5": ["0", " ", "a"], "TI": ["s", "M", "a"], "hP": ["a", "e", "a"], "UT": ["C", "e", "a"], "TC": [" ", "Z", "a"], "Dv": ["a", "o", "a"], " ‑": [" ", "e", "a"], "‑ ": ["h", "o", "y"], "x\n": ["T", "A", "B"], "Cé": ["s", "c", "a"], "CW": [" ", "e", "a"], "HT": ["M", "e", "a"], "TM": [" ", "L", "a"], "ça": ["d", "i", " "], "iO": ["S", "e", "a"], "kc": ["a", "e", "a"], "iè": ["r", "m", "c"], "èm": ["e", "e", "a"], "èc": ["l", "e", "a"], "oî": ["t", "e", "a"], "ît": [" ", "e", "a"], "dè": ["s", "e", "a"], "ès": [" ", "e", "a"], ".M": [".", "e", "a"], ".B": [".", " ", "g"], "eS": ["p", "t", "a"], "c.": [" ", "c", "a"], "--": [" ", "e", "a"], "Pf": ["a", "l", "e"], "1.": ["e", "d", "c"], "e4": [" ", "e", "a"], ".d": ["4", "e", "a"], "d4": [" ", "e", "a"], "GM": [" ", "A", "a"], "já": ["n", "e", "a"], "c5": [" ", "e", "a"], "2.": ["N", "e", "a"], ".N": ["f", "e", "a"], "Nf": ["6", "3", "a"], "f3": [" ", "e", "a"], "d6": [" ", "e", "a"], "cx": ["d", "e", "a"], "xd": ["4", "e", "a"], "f6": [" ", "e", "a"], "a6": [" ", "e", "a"], "6.": ["B", "e", "a"], "Bg": ["7", "5", "2"], "g5": [" ", "e", "a"], "e6": [" ", "e", "a"], "Nc": ["3", "6", "r"], "c3": [" ", "e", "a"], "Rb": ["1", "8", "a"], "b1": [" ", "e", "a"], "c6": [" ", "e", "a"], "fx": ["e", "e", "a"], "e5": [" ", "e", "a"], "e7": [" ", "e", "a"], "b5": [" ", "e", "a"], "Bb": ["7", "e", "a"], "b7": [" ", "e", "a"], "e8": [" ", "e", "a"], "Rf": ["8", "e", "a"], "f8": [" ", "e", "a"], "c4": [" ", "e", "a"], "b6": [" ", "e", "a"], "d5": [" ", "e", "a"], "Ft": ["á", "e", "a"], "tá": ["n", "č", " "], "áč": ["n", "e", "a"], "čn": ["i", "e", "a"], "g3": [" ", "e", "a"], "g2": [" ", "e", "a"], "g6": [" ", "e", "a"], "g7": [" ", "e", "a"], "Nd": ["4", "e", "a"], "b8": [" ", "e", "a"], "Nx": ["f", "e", "a"], "f2": [" ", "e", "a"], "Rc": ["8", "e", "a"], "c8": [" ", "e", "a"], "Bc": ["2", "e", "a"], "c2": [" ", "e", "a"], "hx": ["g", "e", "a"], "xg": ["4", "e", "a"], "g4": [" ", "e", "a"], "!\n": ["S", "<", "T"], "\ne": ["\n", " ", "v"], "+\n": ["2", "T", "3"], "h-": [" ", "e", "a"], "yT": ["V", "e", "a"], "Yi": ["n", "d", "a"], "VL": ["i", "e", "a"], "OL": [" ", "e", "a"], "cM": ["a", "i", "a"], " ح": ["ص", "e", "a"], "حص": ["ن", "e", "a"], "صن": [" ", "e", "a"], "ن ": ["<", ")", "a"], "rā": ["d", "e", "a"], "ād": ["a", "v", " "], "Ib": ["e", "a", "r"], "IX": [" ", "e", "a"], "F1": [" ", "e", "a"], "uq": ["u", "e", "a"], ".P": [".", "e", "a"], "oë": [" ", "l", "a"], "ë ": ["M", "B", "<"], "fé": [" ", "e", "a"], "'B": ["r", "e", "a"], "?\n": ["<", "D", "I"], "'ê": ["t", "e", "a"], "êt": ["r", "e", "a"], "mé": [" ", "e", "a"], "Mb": ["a", "e", "a"], "QF": [" ", "e", "a"], "Mk": ["h", " ", "a"], "RN": ["A", " ", "F"], "Mā": ["o", "e", "a"], "āo": ["r", "e", "a"], "eG": ["r", "a", "a"], "AJ": [" ", "e", "a"], "aç": ["a", "e", "a"], "\n[": [" ", "e", "a"], "ST": ["D", " ", "A"], "GP": ["U", "a", "C"], " €": [" ", "e", "a"], "€ ": ["/", "6", "3"], "eF": ["\n", "r", " "], "PC": [" ", "L", "A"], "x1": ["6", "e", "a"], "GT": ["X", " ", "P"], "TX": [" ", "e", "a"], "BI": [" ", "O", "a"], "IO": ["C", "S", "a"], "GB": [" ", "A", "a"], "CT": ["R", "V", " "], "DM": [" ", "e", "a"], "Iw": ["o", "a", "a"], " ^": [" ", "e", "a"], "ré": [" ", "v", "e"], "ép": ["u", "o", "a"], "Eo": ["l", "e", "a"], "NY": [" ", "C", "a"], "VV": ["S", "e", "a"], "VS": [" ", "e", "a"], "Nr": [".", "e", "a"], " ½": [" ", "e", "a"], "½ ": ["i", "o", "p"], "CP": ["S", " ", "R"], "Ua": [" ", "e", "a"], "Dá": ["l", "i", "a"], "ái": ["l", "e", "a"], "GD": ["P", "e", "a"], "DP": [" ", "e", "a"], "cn": ["o", "i", "a"], "Uí": [" ", "e", "a"], "í ": ["C", "\"", "B"], "cP": ["h", "e", "a"], "'R": ["o", "e", "a"], "TB": ["S", " ", "a"], "Ls": [" ", "e", "a"], ";\n": ["T", "N", "A"], "DC": [" ", "P", "a"], "d-": [" ", "e", "a"], "JF": ["K", "e", "a"], "FK": [" ", "e", "a"], "TK": ["O", " ", "a"], "KO": [" ", "S", "a"], "Ky": ["r", "l", "k"], " à": [" ", "e", "a"], "à ": ["R", "P", "<"], "MM": [" ", "R", "a"], "oâ": ["v", "e", "a"], "âv": ["e", "e", "a"], "Mé": ["t", "d", "a"], "éd": ["a", "é", "e"], "èr": ["e", "e", "a"], "év": ["a", "y", "a"], "dé": ["r", " ", "b"], "SF": [" ", "O", "a"], "NI": ["C", "e", "a"], "EF": ["A", " ", "a"], "NF": ["L", " ", "a"], "zj": ["a", "e", "a"], "E3": [" ", "e", "a"], "eR": ["a", "e", "a"], "DX": [" ", "e", "a"], "nP": ["a", "e", "a"], "'D": ["a", "o", "e"], "Og": ["h", "d", "a"], "zg": ["e", "e", "a"], "CG": [" ", "I", "W"], "GI": [" ", "e", "a"], "Sg": ["t", "i", "a"], "UE": ["F", "e", "a"], "H1": [" ", "e", "a"], "ET": [" ", "e", "a"], "O2": [" ", "e", "a"], "XL": ["V", "e", "a"], "LV": ["I", "e", "a"], "LX": ["X", "e", "a"], "XX": ["V", "X", " "], "Gü": ["n", "e", "a"], "ün": ["t", "c", "a"], " ′": [" ", "e", "a"], "′ ": ["s", "3", "0"], "LI": ["M", " ", "Z"], "NZ": ["A", " ", "E"], "2e": [" ", "e", "a"], "VC": [" ", "e", "a"], "ZE": ["F", "e", "a"], "JK": [" ", "e", "a"], "TJ": [" ", "e", "a"], "HU": ["R", " ", "a"], "UR": ["D", "e", "a"], "RD": ["A", "e", "a"], "—\n": ["T", "—", "I"], "p\n": ["I", "1", "<"], "iñ": ["o", "e", "a"], "NO": [" ", "K", "M"], "MA": [" ", "C", "D"], "cw": ["t", "e", "a"], "KP": ["A", "J", "a"], "'o": ["h", "e", "a"], "mw": ["e", "o", "i"], "lj": ["i", "e", "a"], "kk": ["ö", "e", "i"], "I6": [" ", "e", "a"], "PE": ["C", "e", "a"], "RE": ["L", " ", "\n"], "xw": ["e", "o", "a"], "3b": [" ", "e", "a"], "JG": ["T", "e", "a"], "HD": [" ", "Z", "a"], "OP": ["H", "e", "a"], "PH": ["P", "C", "I"], "IE": [" ", "S", "D"], "U2": [" ", "e", "a"], "FO": ["C", " ", "R"], " α": [" ", "e", "a"], "α ": ["@", ",", "a"], "mR": ["N", "e", "a"], "tR": ["N", "e", "a"], "kD": ["o", "a", "a"], "MR": [" ", "e", "a"], "PD": ["R", "B", "T"], "DB": [" ", "e", "a"], "2D": [" ", "e", "a"], "iS": ["A", "t", "a"], "rä": ["u", "e", "a"], "äu": ["m", "e", "a"], "'L": ["e", "a", "a"], "Gé": ["r", "e", "a"], "PF": [" ", "A", "a"], "cd": ["o", "e", "a"], "rx": ["i", "e", "a"], "Cd": [" ", "S", "a"], "t1": [" ", "e", "a"], "PV": ["C", "e", "a"], ".J": [".", "e", "a"], "\n—": [" ", "e", "a"], "UH": ["F", "e", "a"], " „": [" ", "e", "a"], "„ ": ["<", "e", "a"], "FP": ["I", "r", "a"], "DR": [" ", "S", "E"], "wg": ["l", "a", "r"], ".E": [".", "e", "a"], "UG": ["O", "e", "a"], "GO": [" ", "e", "a"], "Ez": ["r", "e", "a"], "zr": ["a", "e", "a"], "'\n": ["=", "e", "a"], "Zy": ["g", "e", "a"], "bf": ["a", "o", "a"], "fp": ["a", "e", "a"], " Î": ["l", "e", "a"], "Îl": ["e", "e", "a"], "én": ["i", "e", "a"], "BY": ["P", "e", "a"], "aí": ["b", "l", "a"], "íl": ["i", " ", "a"], "cb": ["e", "e", "a"], " §": [" ", "e", "a"], "§ ": ["<", "9", "a"], "cp": ["h", "o", "a"], "JU": ["I", "e", "a"], "UI": ["C", "e", "a"], "\nt": ["h", "e", "a"], "\nc": ["a", "o", "a"], "\no": ["n", "b", "a"], "\np": ["r", "e", "a"], "\nf": ["i", "u", "a"], "\nm": ["a", "e", "a"], "\nu": ["n", "e", "a"], "\ni": ["n", "d", "a"], "EW": ["N", "e", "a"], "RM": ["L", "M", "a"], "gp": ["o", "i", "a"], "PW": ["I", "S", "a"], "BK": ["I", "e", "a"], "vl": ["i", "o", "a"], "Uz": ["b", "e", "a"], "\n?": [" ", "e", "a"], "\nX": ["e", " ", "u"], "'A": ["f", "n", "u"], "D1": [" ", "e", "a"], " ス": ["ト", "e", "a"], "スト": ["ッ", "e", "a"], "トッ": ["プ", "e", "a"], "ップ": [" ", "e", "a"], "プ ": ["!", "e", "a"], "hō": ["n", "j", "a"], "ōn": ["e", "e", "a"], "Kō": ["s", "k", "e"], "ōs": ["a", "e", "a"], " Ō": ["z", "e", "a"], "Ōz": ["o", "e", "a"], "ōe": ["n", "e", "a"], "yū": [" ", "j", "n"], "ū ": ["b", "H", "a"], " 大": ["空", "e", "a"], "大空": [" ", "e", "a"], "空 ": ["<", "e", "a"], " ・": [" ", "e", "a"], "・ ": ["<", "e", "a"], "dO": ["c", "e", "a"], "Xb": ["o", "e", "a"], "1U": ["P", "e", "a"], "G4": ["T", "e", "a"], "4T": ["V", "e", "a"], "S2": [" ", "e", "a"], "PB": ["S", " ", "a"], "fn": ["a", "e", "a"], "yy": ["u", "e", "a"], "Um": ["f", "a", "a"], "sj": ["o", "i", "a"], "Xo": ["o", "e", "a"], "K7": [" ", "e", "a"], "S9": [" ", "e", "a"], "o9": [" ", "e", "a"], " ̃": [" ", "e", "a"], "̃ ": ["<", "g", "]"], "Éd": ["i", "e", "a"], "fj": ["a", "o", "e"], "UF": ["O", " ", "a"], "n-": [" ", "e", "a"], "AN": ["Z", "C", "E"], "mh": ["a", "o", "a"], "zt": [" ", "e", "a"], "D\n": ["O", "\"", "a"], "NX": [" ", "e", "a"], "'P": ["o", "a", "a"], "kN": ["a", "e", "a"], "Tú": [" ", "e", "a"], "ú ": ["N", "e", "a"], " Ú": ["l", "e", "a"], "Úl": ["t", "e", "a"], "Qe": ["d", "e", "a"], "\n8": ["t", " ", "0"], "Qa": ["d", "e", "a"], "Ej": ["l", "e", "a"], "jl": ["e", "e", "a"], "OA": [" ", "e", "a"], "o4": ["0", "e", "a"], "y2": ["0", "e", "a"], "T\n": ["=", "<", "a"], "R\n": ["=", "<", "G"], "RR": [" ", "e", "a"], " †": [" ", "e", "a"], "9A": [" ", "e", "a"], "zJ": ["o", "e", "a"], "zW": ["a", "e", "a"], " ″": [" ", "e", "a"], "″ ": ["N", "W", "a"], "TH": ["X", "E", "a"], "HE": [" ", "e", "a"], "íg": ["u", "e", "a"], "GC": ["S", "e", "a"], "SE": ["C", " ", "s"], "BT": ["E", "e", "a"], "TE": ["C", "D", "a"], "éu": ["n", "e", "a"], "MF": ["R", "e", "a"], "JT": ["W", "e", "a"], "WC": ["W", " ", "A"], " ³": [" ", "e", "a"], "³ ": ["/", "e", "a"], "PG": [" ", "e", "a"], "QC": [" ", "e", "a"], "Eb": ["e", "b", "a"], "aF": ["r", "e", "a"], "Dj": ["e", "o", "i"], "Tj": ["o", "e", "a"], "tA": [" ", "c", "a"], "nã": [" ", "e", "a"], "ã ": [",", "—", "."], "sí": ["l", "e", "a"], "Sã": ["o", "e", "a"], "ão": [" ", "e", "a"], "IP": ["S", " ", "C"], "oã": ["o", "e", "a"], "só": ["r", "e", "a"], "ór": ["i", "f", "a"], "5B": [" ", "e", "a"], "gè": ["n", "e", "a"], "èn": ["e", "e", "a"], "hè": ["t", "e", "a"], "èt": ["e", "e", "a"], "lé": ["t", " ", "m"], "Lé": ["g", "o", "a"], "'h": ["o", "e", "a"], "Vé": ["r", "e", "a"], "Bü": ["l", "e", "a"], "ül": ["o", "e", "a"], "Jü": ["r", "e", "a"], "/\n": ["=", "e", "a"], "8E": [" ", "e", "a"], "SH": [" ", "D", "a"], "Ud": ["a", "e", "u"], "Ml": ["k", "e", "a"], "Ct": ["e", "e", "a"], "TQ": ["N", "e", "a"], "QN": ["N", "e", "a"], "Nʿ": [" ", "e", "a"], "ʿ ": ["o", ".", ";"], "A\n": ["<", "A", "M"], "ís": ["i", "e", "a"], "má": ["š", "r", "s"], "sá": [" ", "e", "a"], "oñ": ["a", "e", "a"], "ña": [" ", "e", "a"], "bá": ["s", "e", "a"], "ás": [" ", "e", "a"], "eñ": ["o", "e", "a"], "mí": ["r", "e", "a"], "ír": ["e", "e", "a"], "FE": [" ", "e", "a"], "4s": [" ", "e", "a"], "kj": ["a", "e", "a"], "ví": ["k", "e", "a"], "ík": [" ", "e", "a"], "Tø": ["n", "e", "a"], "øn": ["s", "e", "a"], "Rø": ["r", "e", "a"], "ør": ["o", "n", "a"], " Å": ["l", "e", "a"], "Ål": ["e", "e", "a"], "7s": [" ", "e", "a"], "dø": [" ", "e", "a"], "ø ": ["a", "–", "."], "sø": [" ", "e", "a"], "8s": [" ", "e", "a"], "KL": ["M", "e", "a"], "LM": [" ", "e", "a"], "LN": [" ", "e", "a"], "6B": [" ", "e", "a"], "rø": ["e", "e", "a"], "øe": [" ", "e", "a"], "SU": [" ", "O", "a"], "UO": [" ", "e", "a"], "6s": [" ", "e", "a"], "Bj": ["ø", "ö", "a"], "jø": ["r", "e", "a"], "A3": ["2", "e", "a"], "aD": ["y", "e", "a"], "Yp": ["r", "e", "a"], "CM": [" ", "U", "a"], "iʻ": ["i", "e", "a"], "ʻi": [" ", "e", "a"], "…\n": ["=", "e", "a"], "nW": ["o", "e", "a"], "n'": ["r", "e", "a"], "CU": [" ", "M", "a"], "Dx": [" ", "e", "a"], "MU": [" ", "e", "a"], "TF": ["G", "e", "a"], "FG": [" ", "e", "a"], "KA": [" ", "e", "a"], "nD": ["e", "e", "a"], "rC": [" ", "l", "r"], " ±": [" ", "e", "a"], "± ": ["0", "1", "3"], " Í": ["m", "e", "a"], "Ím": ["a", "e", "a"], "\nÍ": ["m", "e", "a"], "íb": [" ", "e", "a"], "rá": ["n", "e", "a"], "mB": ["ó", "e", "a"], "Bó": [" ", "e", "a"], "ó ": [",", "e", "a"], "nú": ["t", "e", "a"], "út": ["r", "e", "a"], " Þ": ["ó", "e", "a"], "Þó": ["r", "e", "a"], "ël": [" ", "e", "a"], "Lá": ["g", "e", "a"], "ág": ["r", "e", "a"], "Cá": ["l", "e", "a"], "TP": [" ", "e", "a"], "'I": ["t", "e", "a"], "jö": ["r", "e", "a"], "áš": [" ", "e", "a"], "š ": ["B", "<", "a"], "CZ": [" ", "e", "a"], "\nn": ["o", "a", "a"], "vE": [" ", "e", "a"], "VF": ["X", "e", "a"], "FX": [" ", "e", "a"], "EE": ["C", "F", "a"], "GH": ["Q", " ", "a"], "xx": [" ", "e", "a"], "rR": ["N", "e", "a"], "Gy": ["a", "s", "r"], "Ui": ["g", "s", "a"], "FU": [" ", "e", "a"], "RB": [" ", "e", "a"], "iś": ["n", "e", "a"], "śn": ["i", "e", "a"], "ał": [" ", "e", "a"], "ł ": ["<", "W", "a"], " Ł": ["a", "e", "a"], "Ła": ["s", "e", "a"], "oł": ["a", "e", "a"], "Lv": ["i", "e", "a"], "pC": ["r", "e", "a"], "'M": ["a", "e", "a"], "Mf": ["u", "e", "a"], "E\n": ["<", "2", "P"], "MX": ["N", "e", "a"], "XN": [" ", "e", "a"], "gj": ["i", "e", "a"], "gx": ["i", "e", "a"], " ¥": [" ", "e", "a"], "¥ ": ["4", "1", "5"], "JM": ["A", "e", "a"], "Tz": ["u", "e", "a"], "\n-": [" ", "e", "a"], " \\": [" ", "e", "a"], "\\ ": ["<", "J", "a"], "Æt": ["h", "e", "a"], "Xe": ["n", " ", "F"], "F6": [" ", "e", "a"], "9X": ["e", "e", "a"], "9I": [" ", "e", "a"], "3X": ["e", "W", "a"], "5X": ["e", "e", "a"], "2F": ["\n", " ", "a"], "eO": ["\n", "F", "a"], "OF": ["\n", " ", "a"], "C\n": ["6", "2", "<"], "6F": ["\n", "e", "a"], "H2": ["O", "\n", " "], "5m": ["m", "e", "a"], "a2": [" ", "e", "a"], "ró": ["n", "e", "a"], "ní": ["n", "t", "a"], "Pé": ["r", "e", "a"], "tó": ["n", "e", "a"], " ¡": [" ", "e", "a"], "¡ ": ["N", "E", "<"], "XF": ["X", "e", "a"], "bé": ["l", "e", "a"], "aG": ["l", "e", "a"], "Rä": ["i", "e", "a"], "äi": ["k", "e", "a"], "kö": ["n", "e", "a"], " ्": [" ", "e", "a"], "् ": ["<", "e", "a"], "TS": ["B", " ", "a"], "RL": ["I", " ", "a"], "ZA": ["C", " ", "N"], "hô": ["n", "e", "a"], "ôn": ["e", "e", "a"], "JV": [" ", "e", "a"], "éb": ["a", "e", "a"], "éo": ["n", "e", "a"], "éc": ["i", "e", "a"], "y.": [" ", "o", "a"], "KD": ["O", "e", "a"], " Ø": [" ", "s", "a"], "Ø ": ["o", ";", "."], "Uc": ["h", "e", "a"], "sR": ["a", "e", "a"], "ZX": [" ", "e", "a"], "Zz": ["a", "e", "a"], "HN": ["C", "S", "a"], "DZ": [" ", "e", "a"], "Kv": ["y", "a", "a"], "tj": ["e", "e", "a"], "KN": ["S", "e", "a"], "LS": ["U", "D", "a"], "RK": ["O", "e", "a"], "BF": ["I", "e", "a"], "mv": ["i", "e", "a"], "HR": [" ", "e", "a"], "WO": ["W", "e", "a"], "OW": [" ", "e", "a"], "eC": ["h", "a", "a"], "t-": [" ", "e", "a"], "JP": [" ", "e", "a"], "DG": ["A", "e", "a"], "uV": ["a", "e", "a"], ".n": ["e", "e", "a"], "RZ": ["A", "e", "a"], "Él": ["o", "e", "a"], "\nÉ": ["t", "l", "a"], "f\n": ["J", "<", "T"], "B-": [" ", "e", "a"], "HX": [" ", "e", "a"], "tD": ["N", "e", "a"], "há": ["n", " ", "a"], "'í": [" ", "e", "a"], "u'": ["l", "e", "a"], "lá": ["h", "e", "a"], "áh": [" ", "e", "a"], " `": ["A", "e", "a"], "`A": ["b", "e", "a"], "aC": ["a", "e", "a"], "Mt": [" ", "e", "a"], "aM": ["i", "e", "a"], "9N": [" ", "e", "a"], "VT": [" ", "e", "a"], "0L": [" ", "e", "a"], "ió": ["n", "e", "a"], "ít": ["e", "e", "a"], " Á": ["l", "e", "a"], "Ál": ["v", "e", "a"], "MO": [" ", "B", "a"], "eT": ["r", "e", "a"], "\nd": ["o", "e", "a"], "4c": ["h", "e", "a"], "oS": [" ", "e", "a"], ".o": ["r", "e", "a"], ".a": ["u", "e", "a"], "FB": ["I", "e", "a"], "WE": [" ", "\n", "a"], "P\n": ["\"", "e", "a"], "1K": [" ", "e", "a"], "5A": [" ", "e", "a"], " ⅔": [" ", "e", "a"], "⅔ ": ["i", "e", "a"], "rê": ["s", "e", "a"], "ês": [" ", "e", "a"], "qq": ["a", "e", "a"], "qa": ["r", "e", "a"], "Ny": ["u", "e", "a"], "Iz": ["e", "u", "a"], "NT": ["S", "e", "a"], "vå": ["l", "e", "a"], "ål": [" ", "e", "a"], "Tå": ["s", "e", "a"], "ås": ["e", "e", "a"], "Sx": ["s", "e", "a"], "xs": ["t", "e", "a"], "Nj": ["a", "e", "a"], "FF": ["I", "e", "a"], "TN": ["A", "e", "a"], "WF": [" ", "e", "a"], "EG": ["A", "e", "a"], "eM": ["a", "i", "a"], "HG": ["H", "e", "a"], "4A": [" ", "e", "a"], "8A": [" ", "e", "a"], "8B": [" ", "e", "a"], "rS": ["l", "e", "a"], "iB": ["i", "e", "a"], "EL": ["I", "e", "a"], "IZ": ["A", "e", "a"], "oM": [" ", "e", "a"], "Nî": ["m", "e", "a"], "îm": ["e", "e", "a"], ".2": ["8", "e", "a"], ".1": ["0", "2", "a"], "Bì": ["n", "e", "a"], "ìn": ["h", "e", "a"], "iã": [" ", "e", "a"], "hư": ["ớ", "e", "a"], "ướ": ["c", "e", "a"], "ớc": [" ", "e", "a"], "Bà": [" ", "e", "a"], "Rị": ["a", "e", "a"], "ịa": [" ", "e", "a"], "Ng": ["u", "ô", "e"], "gô": [" ", "e", "a"], "ô ": ["Đ", "e", "a"], " Đ": ["ì", "e", "a"], "Đì": ["n", "e", "a"], "iệ": ["m", "u", "a"], "ệm": [" ", "e", "a"], "LF": [" ", "e", "a"], "Dư": ["ơ", "e", "a"], "ươ": ["n", "e", "a"], "ơn": ["g", "e", "a"], "Vă": ["n", "e", "a"], "ăn": [" ", "e", "a"], "yễ": ["n", "e", "a"], "ễn": [" ", "e", "a"], "rầ": ["n", "e", "a"], "ần": [" ", "e", "a"], "Lê": [" ", "e", "a"], "ê ": ["<", "V", "a"], "Tấ": ["n", "e", "a"], "ấn": [" ", "e", "a"], "RV": ["N", "e", "a"], "VN": [" ", "e", "a"], "uả": ["n", "e", "a"], "ản": ["g", "e", "a"], "še": [" ", "e", "a"], "vt": ["o", "e", "a"], "eć": ["a", "e", "a"], "ća": [" ", "e", "a"], "ći": [" ", "e", "a"], "Lj": ["u", "e", "a"], "ZN": ["D", "e", "a"], "dž": ["a", "e", "a"], "ža": ["k", "e", "a"], "už": ["i", "e", "a"], "ži": ["n", "e", "a"], "PJ": [" ", "e", "a"], ".R": [".", "e", "a"], ".U": [".", "e", "a"], ".H": [".", "e", "a"], " ⅓": [" ", "e", "a"], "⅓ ": ["i", ")", "a"], "hắ": ["c", "e", "a"], "ắc": [" ", "e", "a"], "Sử": ["u", "e", "a"], "ửu": [" ", "e", "a"], "Kỳ": [" ", "e", "a"], "ỳ ": [",", "h", "."], "ệu": [" ", "e", "a"], "Hư": ["ơ", "e", "a"], "aB": ["O", "e", "a"], "OO": ["M", "e", "a"], "JS": ["T", "e", "a"], "rû": ["l", "e", "a"], "ûl": ["é", "e", "a"], "y1": [" ", "e", "a"], "AV": ["N", "R", "A"], "VA": ["L", " ", "a"], "wA": ["t", "e", "a"], "ém": [" ", "e", "a"], "tã": ["o", "e", "a"], "kā": ["n", "k", "p"], "āk": ["a", "ā", "a"], "āp": ["ō", "e", "a"], "pō": [" ", "e", "a"], "oʻ": ["o", "e", "a"], "ʻo": ["l", "e", "a"], "xb": ["o", "u", "a"], "\ns": ["y", "e", "a"], "'S": ["h", "e", "a"], "Gs": [" ", "e", "a"], " ≤": [" ", "e", "a"], "≤ ": ["v", ")", "o"], "<f": ["o", "e", "a"], "a>": ["\n", "e", "a"], " |": [" ", "e", "a"], "| ": ["<", ",", "a"], " 攻": ["殻", "e", "a"], "攻殻": ["機", "e", "a"], "殻機": ["動", "e", "a"], "機動": ["隊", "e", "a"], "動隊": [" ", "e", "a"], "隊 ": ["<", "2", "a"], "ōk": ["a", "e", "a"], "Ém": ["i", "e", "a"], "YC": [" ", "\n", "a"], "gv": ["a", "e", "a"], "Øs": ["t", "e", "a"], "VR": ["E", "e", "a"], "Q\n": ["9", "e", "a"], "iš": ["k", "e", "a"], "mė": [" ", "e", "a"], "ė ": ["w", "\"", "="], "mū": ["s", "e", "a"], "ūs": ["ų", "e", "a"], "sų": [" ", "e", "a"], "ų ": ["\"", "w", "("], "rö": ["t", "e", "a"], "öt": ["z", "e", "a"], "Q3": [" ", "e", "a"], " ا": ["ل", "e", "a"], "ال": ["ل", "e", "a"], "لل": ["ه", "e", "a"], "له": [" ", "e", "a"], "ه ": ["<", ",", ")"], "lā": ["h", "e", "a"], "āh": [" ", "\n", "a"], " ā": [" ", "e", "a"], "ā ": [".", "a", "v"], "-\n": ["<", "e", "a"], "ōj": ["o", "e", "a"], "ūj": ["i", "e", "a"], " ～": [" ", "e", "a"], "～ ": ["<", ",", ")"], "AQ": ["H", "e", "a"], "QH": ["A", "e", "a"], "4C": [" ", "e", "a"], "4F": [" ", "e", "a"], "gc": ["h", "e", "a"], " 火": ["礮", "e", "a"], "火礮": [" ", "e", "a"], "礮 ": [")", "e", "a"], "Cs": [" ", "e", "a"], "zn": ["i", "e", "a"], "Pn": ["e", "e", "a"], "hí": ["a", "e", "a"], "uM": ["o", "e", "a"], "W3": ["X", "e", "a"], "XW": ["T", "e", "a"], "WT": ["T", " ", "a"], "TT": ["G", "Z", "a"], "WD": ["T", "e", "a"], "Mü": ["g", "n", "a"], "üg": ["g", "e", "a"], "A5": [" ", "e", "a"], "rD": ["N", "e", "a"], "Bs": [" ", "e", "a"], " κ": ["B", "e", "a"], "κB": [" ", "e", "a"], "nG": ["T", "e", "a"], "\n|": [" ", "e", "a"], " ·": [" ", "e", "a"], "· ": ["<", ")", "a"], " 〈": [" ", "e", "a"], "〈 ": ["<", "〉", "h"], " 〉": [" ", "\n", "a"], "〉 ": ["(", ".", "b"], "\n0": [" ", "e", "a"], "eò": [" ", "e", "a"], "ò ": [")", ",", "\""], "OI": [" ", "e", "a"], "aT": ["e", "e", "a"], "zw": ["e", "e", "a"], "Rz": ["e", "e", "a"], "Æl": ["f", "e", "a"], "\nÆ": ["l", "e", "a"], "TD": ["s", " ", "a"], "TZ": [" ", "e", "a"], " С": ["о", "e", "a"], "Со": ["в", "e", "a"], "ов": ["е", "e", "a"], "ве": ["т", "e", "a"], "ет": ["с", "e", "a"], "тс": ["к", "e", "a"], "ск": ["а", "e", "a"], "ка": ["я", "e", "a"], "ая": [" ", "e", "a"], "я ": ["<", "e", "a"], "Ih": ["s", "e", "a"], "UM": ["M", " ", "a"], "WM": ["S", "e", "a"], "2I": ["D", "e", "a"], "GW": [" ", "e", "a"], "WR": ["U", "e", "a"], "RU": [" ", "e", "a"], "ān": ["t", " ", "a"], "vā": ["d", "k", "a"], "hā": ["v", "e", "a"], "āv": ["ī", "a", "a"], "vī": ["r", "e", "a"], "īr": ["a", "e", "a"], "yā": ["d", "t", "n"], "iṃ": ["s", "e", "a"], "ṃs": ["ā", "e", "a"], "sā": [" ", "e", "a"], "āt": [" ", "e", "a"], "aṅ": ["g", "e", "a"], "ṅg": ["ī", "e", "a"], "gī": [" ", "e", "a"], "ī ": ["a", ".", "("], "nā": ["s", "e", "a"], "ās": ["t", "e", "a"], "aḥ": [" ", "e", "a"], "ḥ ": ["—", "e", "a"], "kṣ": ["e", "e", "a"], "ṣe": ["t", "e", "a"], "āl": ["a", "e", "a"], "jñ": ["ā", "e", "a"], "ñā": ["n", "e", "a"], " Ā": ["c", "e", "a"], "Āc": ["ā", "e", "a"], "cā": ["r", "e", "a"], "ār": ["y", "e", "a"], "ñj": ["a", "e", "a"], "aṭ": ["ṭ", "e", "a"], "ṭṭ": ["h", "e", "a"], "ṭh": ["a", "e", "a"], "\nĀ": ["c", "e", "a"], "mā": ["d", "e", "a"], "Oo": ["s", "e", "a"], "ūn": ["o", "e", "a"], "dō": [" ", "e", "a"], "SV": ["N", "e", "a"], "kv": ["i", "e", "a"], "CV": [" ", "e", "a"], "RG": [" ", "e", "a"], "rư": ["ơ", "e", "a"], "BH": ["U", "e", "a"], " ჯ": [" ", "e", "a"], "ჯ ": ["(", "j", "."], " ი": [" ", "e", "a"], "ი ": ["(", "i", ","], " დ": [" ", "e", "a"], "დ ": ["(", ",", "a"], "\n→": [" ", "e", "a"], " ო": [" ", "e", "a"], "ო ": ["(", ",", "."], " უ": [" ", "e", "a"], "უ ": ["<", ",", "("], " ხ": [" ", "e", "a"], "ხ ": ["(", ",", "a"], "\nზ": [" ", "e", "a"], "ზ ": [",", "(", "a"], " ზ": [" ", "e", "a"], " რ": [" ", "e", "a"], "რ ": ["(", ",", "a"], " ს": [" ", "e", "a"], "ს ": [",", "a", "("], " ძ": [" ", "e", "a"], "ძ ": ["(", ",", "a"], " წ": [" ", "e", "a"], "წ ": [",", "h", "("], " გ": [" ", "e", "a"], "გ ": ["(", ",", "a"], " ვ": [" ", "e", "a"], "ვ ": ["(", ",", "a"], " კ": [" ", "e", "a"], "კ ": [",", "(", "a"], " ც": [" ", "\n", "a"], "ც\n": ["T", "e", "a"], "\nგ": [" ", "e", "a"], "\nდ": [" ", "e", "a"], "\nკ": [" ", "e", "a"], "ც ": [",", "(", "a"], "\nრ": [" ", "e", "a"], "\nწ": [" ", "e", "a"], "\nჯ": [" ", "e", "a"], "\nძ": [" ", "e", "a"], "\n−": [" ", "e", "a"], " ჻": [" ", "e", "a"], "჻ ": [")", "჻", "〉"], "〉\n": ["<", "e", "a"], "Tb": ["i", "e", "a"], "Mh": ["a", "e", "a"], "J\n": ["=", "e", "a"], "u2": ["O", "e", "a"], "O3": [" ", "\n", "a"], "1E": ["u", "e", "a"], "3E": ["u", "e", "a"], "2E": ["u", "e", "a"], "4E": ["u", "e", "a"], "nä": ["s", "e", "a"], "äs": ["i", "e", "a"], "uS": [" ", "e", "a"], "SW": ["P", "e", "a"], "WP": ["A", "e", "a"], "A4": ["8", "2", "1"], "Ff": ["o", "e", "a"], "M4": [" ", "e", "a"], " ﻿": [" ", "e", "a"], "﻿ ": ["/", "(", "a"], "Bé": ["d", "e", "a"], "Má": ["r", "e", "a"], "lí": ["v", "e", "a"], "ív": ["a", "e", "a"], "Sá": ["e", "e", "a"], "áe": ["n", "e", "a"], "oç": ["a", "e", "a"], "aú": ["l", "e", "a"], "úl": ["z", "e", "a"], "sA": ["r", "e", "a"], "Mê": ["l", "e", "a"], "êl": ["é", "e", "a"], "dT": ["M", "e", "a"], "VG": ["A", "e", "a"], "Yd": ["l", "e", "a"], "gö": ["t", "e", "a"], "Dü": ["s", "e", "a"], "üs": ["s", "e", "a"], "Nö": ["l", "e", "a"], "öl": ["d", "e", "a"], "lä": ["t", "e", "a"], "ät": ["t", "e", "a"], " ☉": [" ", "e", "a"], "☉ ": [",", "a", ")"], "2γ": [" ", "e", "a"], "γ ": ["+", "(", "i"], "4H": ["e", "e", "a"], "\nw": ["h", "e", "a"], " γ": [" ", "e", "a"], "V\n": ["F", "I", "a"], ".W": [".", "e", "a"], "ww": ["o", "e", "a"], "fè": ["g", "e", "a"], "èg": ["e", "e", "a"], " é": ["t", "e", "a"], "Ér": ["a", "e", "a"], "\n\n": ["H", "e", "a"], "t’": ["s", "\n", "a"], "’s": [" ", "e", "a"], "’\n": ["T", "e", "a"]}, "default_top3": [" ", "e", "a"]}